time,hinge_x,hinge_y,stance_x1,stance_y1,stance_x2,stance_y2,swing_x1,swing_y1,swing_x2,swing_y2,stance_angle,swing_angle
0,-0.320323468431389,1.2693166949573,-0.320323468431389,1.2693166949573,-0.0007636229529005,0.00920499151281073,-0.320323468431389,1.2693166949573,-0.639883313909893,0.00920499151281451,0.248360675595685,0.496721351191382
0.100378394365181,-0.294865479601492,1.27404242843497,-0.294865479601492,1.27404242843497,-0.000593600442600206,0.00778650598631292,-0.294865479601492,1.27404242843497,-0.634181265825553,0.0191062558671564,0.228342114910132,0.492412657994686
0.200756788730361,-0.270993094025134,1.27810593247975,-0.270993094025134,1.27810593247975,-0.000459408052279453,0.00656689463862481,-0.270993094025134,1.27810593247975,-0.624889468000171,0.027203315771593,0.209634929128013,0.485342632006591
0.301135183095542,-0.248581516515684,1.28159950630922,-0.248581516515684,1.28159950630922,-0.000353666122948765,0.00551842178152029,-0.248581516515684,1.28159950630922,-0.611923582962135,0.0334077971753983,0.192124260701773,0.475391220063472
0.401513577460722,-0.227511029778388,1.28460234861732,-0.227511029778388,1.28460234861732,-0.000270515344285849,0.0046172906577604,-0.227511029778388,1.28460234861732,-0.595230160489653,0.0376931133844727,0.175703039049223,0.462478521610878
0.501891971825903,-0.207667027930523,1.28718235382614,-0.207667027930523,1.28718235382614,-0.000205302704029575,0.00384310305647406,-0.207667027930523,1.28718235382614,-0.574784866545976,0.0400959524207207,0.160271205764462,0.446564496556951
0.602270366191084,-0.188939924559772,1.28939765972106,-0.188939924559772,1.28939765972106,-0.00015433247062191,0.0031783937249632,-0.188939924559772,1.28939765972106,-0.550592281382226,0.0407153250959746,0.145735008859691,0.427648508386058
0.702648760556264,-0.171224967105982,1.29129797782533,-0.171224967105982,1.29129797782533,-0.000114668637473031,0.00260823015213152,-0.171224967105982,1.29129797782533,-0.522687197461956,0.0397092671726653,0.13200635599311,0.405768683217607
0.803027154921445,-0.154421982193558,1.2929257341644,-0.154421982193558,1.2929257341644,-8.39780970764703e-05,0.00211986940723108,-0.154421982193558,1.2929257341644,-0.49113718447079,0.0372892929301583,0.119002218338957,0.381001056345238
0.903405549286625,-0.138435070934984,1.29431704462904,-0.138435070934984,1.29431704462904,-6.04060504292847e-05,0.00170246474914282,-0.138435070934984,1.29431704462904,-0.456046045307893,0.0337127177453476,0.106644078122469,0.353458470286129
1.00378394365181,-0.123172268829301,1.29550254599646,-0.123172268829301,1.29550254599646,-4.24769205590453e-05,0.00134681566702888,-0.123172268829301,1.29550254599646,-0.417557672793401,0.0292730115387903,0.0948574139385653,0.323289183701263
1.10416233801699,-0.108545181423117,1.29650810081342,-0.108545181423117,1.29650810081342,-2.9015428734902e-05,0.00104515587138843,-0.108545181423117,1.29650810081342,-0.375859741168158,0.0242884161094314,0.0835712188457286,0.290675149667324
1.20454073238217,-0.0944686041733634,1.29735539177162,-0.0944686041733634,1.29735539177162,-1.90835870426537e-05,0.000790974528491528,-0.0944686041733634,1.29735539177162,-0.331186637981761,0.019089154843692,0.0727175469108843,0.255829925327885
1.30491912674735,-0.0808601327830253,1.29806241889348,-0.0808601327830253,1.29806241889348,-1.19302227070961e-05,0.000578866726916427,-0.0808601327830253,1.29806241889348,-0.28382106737592,0.014003674509417,0.062231084404352,0.218996183183073
1.40529752111253,-0.0676397685441374,1.29864391076836,-0.0676397685441374,1.29864391076836,-6.95032597068657e-06,0.000404409790260463,-0.0676397685441374,1.29864391076836,-0.234093838106922,0.00934447203196465,0.0520487422281156,0.180442807008255
1.50567591547771,-0.0547295218187566,1.29911165920726,-0.0547295218187566,1.29911165920726,-3.65204199392899e-06,0.00026406261358014,-0.0547295218187566,1.29911165920726,-0.182381486546771,0.00539415685171107,0.0421092664258415,0.140461571968244
1.60605430984289,-0.0420530156482093,1.29947478498748,-0.0420530156482093,1.29947478498748,-1.62953728483767e-06,0.000155085711682101,-0.0420530156482093,1.29947478498748,-0.129101567355825,0.00239246314140451,0.0323528637890746,0.0993634278021696
1.70643270420807,-0.0295350905565505,1.29973994080844,-0.0295350905565505,1.29973994080844,-5.40285103219074e-07,7.54801339666322e-05,-0.0295350905565505,1.29973994080844,-0.0747056566386739,0.000524939371100208,0.0227208396617303,0.0574744244973521
1.80681109857325,-0.0171014108778217,1.29991145614652,-0.0171014108778217,1.29991145614652,-8.55492653974166e-08,2.39438317011231e-05,-0.0171014108778217,1.29991145614652,-0.0196703324676097,-8.60056363356509e-05,0.0131552450762236,0.0151313398929217
1.90718949293843,-0.00467807237472966,1.29999142735337,-0.00467807237472966,1.29999142735337,6.98544162704845e-09,-1.55532265289082e-07,-0.00467807237472966,1.29999142735337,0.0355133993970102,0.000612866041532323,0.00359853035122268,-0.0273229136767987
2.00756788730361,0.00780878947511354,1.29997975506172,0.00780878947511354,1.29997975506172,-6.2368172692312e-10,3.20804358633353e-06,0.00780878947511354,1.29997975506172,0.0903516058615544,0.00260290793402773,-0.00600679773689067,-0.0695440129725344
2.10794628166879,0.0204333913691035,1.29987412972106,0.0204333913691035,1.29987412972106,1.59258762181397e-07,3.47230921042829e-05,0.0204333913691035,1.29987412972106,0.144359126132182,0.00579437473552513,-0.0157185181132372,-0.111190978738058
2.20832467603397,0.0332706951351926,1.29966996485794,0.0332706951351926,1.29966996485794,7.76222017835615e-07,9.57605527363015e-05,0.0332706951351926,1.29966996485794,0.197070721672668,0.0100306543116482,-0.0255950398039154,-0.151930860983591
2.30870307039915,0.0463968025129545,1.29936027641885,0.0463968025129545,1.29936027641885,2.17962611049477e-06,0.000188409817977409,0.0463968025129545,1.29936027641885,0.248050984318905,0.0150956654604306,-0.0356957514769561,-0.191443258236771
2.40908146476433,0.0598893522153994,1.29893550528387,0.0598893522153994,1.29893550528387,4.75884541437099e-06,0.000315531820924475,0.0598893522153994,1.29893550528387,0.296902438542378,0.0207239434093303,-0.0460813790096261,-0.229424584791848
2.50945985912951,0.073827919247767,1.2983832787123,0.073827919247767,1.2983832787123,8.98706237319191e-06,0.000480830432376234,0.073827919247767,1.2983832787123,0.343271456579591,0.0266127883367271,-0.0568143539553373,-0.265592015368059
2.6098382534947,0.0882944158038424,1.29768810507142,0.0882944158038424,1.29768810507142,1.54499346709386e-05,0.000688943859255886,0.0882944158038424,1.29768810507142,0.386851819361462,0.0324357678750327,-0.0679591957945718,-0.299687055379687
2.71021664785988,0.103373492218623,1.29683099468109,0.103373492218623,1.29683099468109,2.48807317224653e-05,0.000945558192306795,0.103373492218623,1.29683099468109,0.427385976387987,0.0378568447866638,-0.0795829109094765,-0.331478705443562
2.81059504222506,0.119152935406876,1.29578899794947,0.119152935406876,1.29578899794947,3.82038967977338e-05,0.00125754574860393,0.119152935406876,1.29578899794947,0.464664259874684,0.0425444389489122,-0.0917554113434212,-0.360766208983807
2.91097343659024,0.135724060921927,1.29453465015256,0.135724060921927,1.29453465015256,5.6589459394879e-05,0.00163313140221377,0.135724060921927,1.29453465015256,0.498522473218932,0.0461848145556782,-0.104549956616805,-0.387381390167207
3.01135183095542,0.153182093168042,1.29303531018947,0.153182093168042,1.29303531018947,8.1521324671624e-05,0.00208209070348486,0.153182093168042,1.29303531018947,0.528838388143545,0.0484942911606574,-0.118043622189606,-0.411190604562835
3.1117302253206,0.171626526307283,1.29125237839871,0.171626526307283,1.29125237839871,0.000114883236380481,0.00261598426298226,0.171626526307283,1.29125237839871,0.555527742758856,0.0492298922870402,-0.132317798610044,-0.432096335932961
3.21210861968578,0.191161455901711,1.28914037601964,0.191161455901711,1.28914037601964,0.000159067189916345,0.00324843362852478,0.191161455901711,1.28914037601964,0.578540334434666,0.0481981515520555,-0.147458725988668,-0.450038478965209
3.31248701405096,0.21189586817253,1.28664586610327,0.21189586817253,1.28664586610327,0.000217110317870334,0.00399544472061275,0.21189586817253,1.28664586610327,0.597856751661156,0.0452618818273816,-0.163558069213198,-0.464995349548474
3.41286540841614,0.233943869744695,1.28370619260173,0.233943869744695,1.28370619260173,0.000292867852330903,0.00487578581798198,0.233943869744695,1.28370619260173,0.613486195764373,0.0403447717913672,-0.180713540302825,-0.476984461799738
3.51324380278132,0.257424835632017,1.28024801099164,0.257424835632017,1.28024801099164,0.000391231776136536,0.00591142810278211,0.257424835632017,1.28024801099164,0.625465715472024,0.0334337061464531,-0.199029575533103,-0.486063105245362
3.6136221971465,0.282463446691576,1.27618558012862,0.282463446691576,1.27618558012862,0.000518407324564596,0.00712805787979431,0.282463446691576,1.27618558012862,0.633861024125838,0.024578715904344,-0.218618076499677,-0.492328747415458
3.71400059151168,0.309189579441999,1.27141878113539,0.309189579441999,1.27141878113539,0.000682262737177697,0.00855567076293795,0.309189579441999,1.27141878113539,0.638768899736242,0.013890462712947,-0.239599226205903,-0.495919277910012
3.81437898587686,0.335765306567232,1.27222432914499,0.335765306567232,1.27222432914499,0.639991565223234,0.00832307368862351,0.335765306567232,1.27222432914499,0.00382530648371282,0.0153170786509205,0.236210660172348,0.4944084128801
3.91475738024204,0.360262896444315,1.27654420356468,0.360262896444315,1.27654420356468,0.640138655466519,0.00702872137797605,0.360262896444315,1.27654420356468,0.0116625232172582,0.0241553742524927,0.216987806357448,0.48846428569624
4.01513577460722,0.383249644715221,1.28025821970565,0.383249644715221,1.28025821970565,0.640254667308454,0.00591587231157353,0.383249644715221,1.28025821970565,0.0231427109353262,0.0311293247377866,0.199007147237167,0.479683225114491
4.1155141689724,0.404847350201817,1.28345071426367,0.404847350201817,1.28345071426367,0.640345995320571,0.00495926409780245,0.404847350201817,1.28345071426367,0.0383316860116614,0.0361872024494099,0.182158522990384,0.46796898303775
4.21589256333758,0.425172698749004,1.28619401088122,0.425172698749004,1.28619401088122,0.640417718536746,0.00413723309928904,0.425172698749004,1.28619401088122,0.0572656255108336,0.039340216139697,0.166339095940736,0.45326530856318
4.31627095770277,0.444337307223543,1.28855006687002,0.444337307223543,1.28855006687002,0.640473871811448,0.00343122099168891,0.444337307223543,1.28855006687002,0.0799518997269181,0.0406625419690305,0.151452617476684,0.435555560708754
4.41664935206795,0.462447873523018,1.29057189005658,0.462447873523018,1.29057189005658,0.640517661108724,0.00282535026344877,0.462447873523018,1.29057189005658,0.106368357514396,0.0402889707622842,0.137408757926694,0.414862146159475
4.51702774643313,0.479606405165758,1.29230475492453,0.479606405165758,1.29230475492453,0.640551634406535,0.00230605989238852,0.479606405165758,1.29230475492453,0.136461232399258,0.0384102655806127,0.124122490375048,0.391245757285644
4.61740614079831,0.4959105052499,1.29378724367063,0.4959105052499,1.29378724367063,0.640577817463654,0.00186179350841087,0.4959105052499,1.29378724367063,0.170141990069399,0.0352663362093768,0.111513520903045,0.364804377342979
4.71778453516349,0.511453699441389,1.29505213451704,0.511453699441389,1.29505213451704,0.640597821774961,0.00148273333800719,0.511453699441389,1.29505213451704,0.207283565051065,0.0311373710361464,0.099505758944174,0.335672013775904
4.81816292952867,0.526325791475067,1.29612715664415,0.526325791475067,1.29612715664415,0.640612930526509,0.00116057412264303,0.526325791475067,1.29612715664415,0.247716526872201,0.0263331270167284,0.0880268224038001,0.304017117974611
4.91854132389385,0.54061323766528,1.29703562841775,0.54061323766528,1.29703562841775,0.640624167167967,0.000888332011967696,0.54061323766528,1.29703562841775,0.2912257647299,0.0211806647393094,0.0770075729539564,0.270040651463796
5.01891971825903,0.554399533308363,1.29779699316538,0.554399533308363,1.29779699316538,0.640632350279891,0.000660184159807065,0.554399533308363,1.29779699316538,0.337548276902786,0.0160109218588891,0.0663816775019279,0.233973764754717
5.11929811262421,0.567765605763688,1.29842726458337,0.567765605763688,1.29842726458337,0.64063813767441,0.000471335403599449,0.567765605763688,1.29842726458337,0.386372592113252,0.011144632602804,0.0560851922715122,0.196075065982189
5.21967650698939,0.58079021053333,1.29893939190107,0.58079021053333,1.29893939190107,0.640642062089225,0.00031790899493811,0.58079021053333,1.29893939190107,0.437340234707755,0.00687820742270628,0.0460561662485961,0.156627471521112
5.32005490135457,0.593550327904034,1.29934355316247,0.593550327904034,1.29934355316247,0.640644560384425,0.000196858879226713,0.593550327904034,1.29934355316247,0.490049480068859,0.00347026672687267,0.0362342609477904,0.115934649110649
5.42043329571975,0.606121339096207,1.29964720006912,0.606121339096207,1.29964720006912,0.640646002530061,0.000105724157413389,0.606121339096207,1.29964720006912,0.544062928026374,0.00112929352509217,0.0265605562160975,0.0743159450724395
5.52081169008493,0.618578318653561,1.29985567421198,0.618578318653561,1.29985567421198,0.640646696467958,4.30005160190206e-05,0.618578318653561,1.29985567421198,0.598909970970755,4.46884290772331e-06,0.0169764906710244,0.0321065661427142
5.62119008445011,0.630995520790965,1.29997207594021,0.630995520790965,1.29997207594021,0.640646919655389,7.90316468002317e-06,0.630995520790965,1.29997207594021,0.654102375747286,0.000177448603246644,0.0074242211751282,-0.0103512186958556
5.72156847881529,0.643446771223254,1.29999717857322,0.643446771223254,1.29999717857322,0.640646937015663,1.93604253073687e-07,0.643446771223254,1.29999717857322,0.709145815390593,0.00165838010977848,-0.00215372028623246,-0.0527129840774916
5.82194687318048,0.656006092004787,1.29992955821902,0.656006092004787,1.29992955821902,0.640647012622164,2.02926621792887e-05,0.656006092004787,1.29992955821902,0.763550101658761,0.0043855466209759,-0.0118149513271505,-0.0946357620797361
5.92232526754565,0.66874809394332,1.299765547922,0.66874809394332,1.299765547922,0.640647425782024,6.92940038469203e-05,0.66874809394332,1.299765547922,0.81684064811527,0.00822824865464256,-0.021617582267202,-0.135782769002821
6.02270366191084,0.6817483705694,1.29949913871754,0.6817483705694,1.29949913871754,0.640648488188537,0.000148993580253443,0.6817483705694,1.29949913871754,0.868568954653015,0.0129929905151052,-0.0316205632318604,-0.175828003224245
6.12308205627602,0.69508389426119,1.29912182518974,0.69508389426119,1.29912182518974,0.640650563089108,0.000261935726095119,0.69508389426119,1.29912182518974,0.918321490293901,0.0184325671269039,-0.0418840381389663,-0.214460623257107
6.2234604506412,0.708833414714491,1.29862239182818,0.708833414714491,1.29862239182818,0.640654087530924,0.00041147701318156,0.708833414714491,1.29862239182818,0.965726514752384,0.0242574773892583,-0.0524697084472319,-0.251389028763714
6.32383884500638,0.72307785936246,1.29798663510551,0.72307785936246,1.29798663510551,0.640659598920178,0.000601869376516184,0.72307785936246,1.29798663510551,1.01045858412029,0.0301489802625594,-0.0634412095421373,-0.2863445849549
6.42421723937156,0.737900734583312,1.29719701472596,0.737900734583312,1.29719701472596,0.640667767372288,0.000838364472353748,0.737900734583312,1.29719701472596,1.05224070706956,0.0357730647006904,-0.0748645026693655,-0.319084950837619
6.52459563373674,0.75338852557096,1.2962322258963,0.75338852557096,1.2962322258963,0.640679435653406,0.00112734170739714,0.75338852557096,1.2962322258963,1.0908443301125,0.0407946209229522,-0.086808285418309,-0.349396992324676
6.62497402810192,0.769631091552106,1.2950666827173,0.769631091552106,1.2950666827173,0.640695668935534,0.00147646290475034,0.769631091552106,1.2950666827173,1.12608751213113,0.0448911669484204,-0.0993444239303968,-0.377099280535748
6.7253524224671,0.786722051562825,1.29366990085519,0.786722051562825,1.29366990085519,0.640717817132157,0.00189485715434756,0.786722051562825,1.29366990085519,1.15783178391932,0.0477655840835183,-0.112548410280332,-0.402044192201422
6.82573081683228,0.804759154173396,1.29200576549936,0.804759154173396,1.29200576549936,0.64074759327875,0.00239334004243341,0.804759154173396,1.29200576549936,1.18597826913237,0.0491574294623784,-0.126499848873245,-0.424119641824337
6.92610921119746,0.823844622268332,1.29003166821506,0.823844622268332,1.29003166821506,0.640787172311799,0.0029846721751281,0.823844622268332,1.29003166821506,1.210463666688,0.0488525052848943,-0.141282976238071,-0.443250483501398
7.02648760556264,0.844085461112625,1.28769749363277,0.844085461112625,1.28769749363277,0.640839315730938,0.00368386271310928,0.844085461112625,1.28769749363277,1.23125666454525,0.0466904593124426,-0.156987219300216,-0.459399623891929
7.12686599992782,0.865593714288321,1.2849444339591,0.865593714288321,1.2849444339591,0.64090752906516,0.00450852452440342,0.865593714288321,1.2849444339591,1.24835527773293,0.0425702610347602,-0.173707798113398,-0.472568886990323
7.227244394293,0.888486647443178,1.28170360603724,0.888486647443178,1.28170360603724,0.640996260887462,0.00547928854344626,0.888486647443178,1.28170360603724,1.26178548821821,0.036453440216726,-0.191546380158236,-0.48279966677873
7.32762278865818,0.912886833870868,1.27789444213516,0.912886833870868,1.27789444213516,0.641111154436765,0.00662028599568587,0.912886833870868,1.27789444213516,1.27160141994879,0.0283649924082066,-0.210611794723506,-0.490173396457413
7.42800118302336,0.938922108379974,1.27342282182959,0.938922108379974,1.27342282182959,0.641259365845089,0.00795970829897241,0.938922108379974,1.27342282182959,1.2778871182362,0.0183918572342303,-0.231020817641536,-0.494811853986458
7.52837957738854,0.96614448079796,1.27029748720893,0.96614448079796,1.27029748720893,0.894697403350207,-0.0277376876319411,0.96614448079796,1.27029748720893,1.02796181214248,-0.0282319185210431,-0.0549869956578961,-0.102556727731262
7.62875797175373,0.991281995662231,1.27488705702645,0.991281995662231,1.27488705702645,1.28073169132302,0.00752015131924066,0.991281995662231,1.27488705702645,0.648780723183318,0.0208165333515182,0.224535567525256,0.491145350180613
7.72913636611891,1.01485863980626,1.27883320924781,1.01485863980626,1.27883320924781,1.28085916481664,0.0063381323637437,1.01485863980626,1.27883320924781,0.65879763918852,0.0285450169341004,0.20607117490121,0.483509754204305
7.82951476048409,1.03699822761965,1.28222560187836,1.03699822761965,1.28222560187836,1.28095958920133,0.00532198215789559,1.03699822761965,1.28222560187836,0.672500307840513,0.0343709362715459,0.188781910211305,0.472975016828731
7.92989315484927,1.05781948192696,1.28514115104382,1.05781948192696,1.28514115104382,1.28103853124911,0.00444866023280888,1.05781948192696,1.28514115104382,0.689936494650239,0.038280249550654,0.172562103317003,0.45946899860416
8.03027154921445,1.07743602614298,1.28764577827235,1.07743602614298,1.28764577827235,1.28110041269298,0.00369842045302837,1.07743602614298,1.28764577827235,0.711125012425054,0.0403221469605102,0.157312957242849,0.442959341665646
8.13064994357963,1.09595649550142,1.28979591525364,1.09595649550142,1.28979591525364,1.28114874639649,0.00305435992545111,1.09595649550142,1.28979591525364,0.736055614086891,0.0406076365874339,0.142941854118967,0.423452979069516
8.23102833794481,1.11348473699268,1.29163979672963,1.11348473699268,1.29163979672963,1.28118632377607,0.00250203148096295,1.11348473699268,1.29163979672963,0.764687420704568,0.0393058028804647,0.129361718459141,0.400995455166956
8.33140673230999,1.13012007449916,1.29321856851126,1.13012007449916,1.29321856851126,1.28121536363436,0.00202911161457298,1.13012007449916,1.29321856851126,0.79694614698123,0.036637837311593,0.116490429700764,0.375670027035799
8.43178512667517,1.14595762098478,1.29456723422799,1.14595762098478,1.29456723422799,1.28123763044862,0.00162511679215305,1.14595762098478,1.29456723422799,0.832720524799662,0.0328689653960483,0.104250277246891,0.347596509950944
8.53216352104035,1.1610886238058,1.29571546132139,1.1610886238058,1.29571546132139,1.28125452849066,0.00128116196461137,1.1610886238058,1.29571546132139,0.871858432792177,0.0282984436803042,0.0925674523033135,0.316929825857599
8.63254191540553,1.17560083252125,1.29668826399131,1.17560083252125,1.29668826399131,1.28126717684153,0.000989755974114104,1.17560083252125,1.29668826399131,0.914163307014135,0.0232478765931734,0.0813715716398116,0.283858213718802
8.73292030977071,1.18957888119775,1.29750657827955,1.18957888119775,1.29750657827955,1.28127646932842,0.000744629296226096,1.18957888119775,1.29750657827955,0.959391426250879,0.0180482024090824,0.0705952290579951,0.248601065013406
8.83329870413589,1.20310467928524,1.29818774220802,1.20310467928524,1.29818774220802,1.28128312259707,0.000540590243608863,1.20310467928524,1.29818774220802,1.00725062913802,0.0130258103718259,0.0601735708445163,0.211406356743269
8.93367709850107,1.21625780681009,1.29874589185055,1.21625780681009,1.29874589185055,1.28128771489431,0.000373406369375884,1.21625780681009,1.29874589185055,1.05740092700918,0.00848836261852703,0.0500438918494922,0.172547667800573
9.03405549286625,1.2291159109833,1.29919228237939,1.2291159109833,1.29919228237939,1.28129071763623,0.000239708360338708,1.2291159109833,1.29919228237939,1.10945732977854,0.00471098705525397,0.0401452490755787,0.132320781708248
9.13443388723143,1.2417551024197,1.29953554146007,1.2417551024197,1.29953554146007,1.28129252145213,0.000136914211196437,1.2417551024197,1.29953554146007,1.16299501256292,0.0019235623824434,0.0304180898132956,0.0910398983911867
9.23481228159662,1.25425035005197,1.29978186084125,1.25425035005197,1.29978186084125,1.28129345809953,6.31719292460975e-05,1.25425035005197,1.29978186084125,1.21755673528662,0.000299818396852558,0.0208038914339615,0.049033498208983
9.3351906759618,1.26667587452721,1.29993513057166,1.26667587452721,1.29993513057166,1.28129381942723,1.73194440060698e-05,1.26667587452721,1.29993513057166,1.27266220877787,-5.10862022911063e-05,0.0112448099749237,0.00663992119998793
9.43556907032698,1.27910554040402,1.29999701894592,1.27910554040402,1.29999701894592,1.28129387440817,-1.13920442013082e-06,1.27910554040402,1.29999701894592,1.32781890420546,0.000910028715035427,0.00168333464433888,-0.0357972584721995
9.53594746469216,1.29161324782826,1.29996700000997,1.29161324782826,1.29996700000997,1.28129388516451,7.95805741216071e-06,1.29161324782826,1.29996700000997,1.38253365254769,0.00315032830742923,-0.00793805464594368,-0.0779339701671994
9.63632585905734,1.30427332455359,1.29984232921926,1.30427332455359,1.29984232921926,1.28129412285753,4.54388208359635e-05,1.30427332455359,1.29984232921926,1.43632429668554,0.00656643415316527,-0.0176772296258088,-0.119430396699949
9.73670425342252,1.31716091918632,1.29961796661582,1.31716091918632,1.29961796661582,1.28129488431375,0.00011281943766428,1.31716091918632,1.29961796661582,1.48873065195243,0.0109893052868217,-0.027592758799693,-0.159955635967004
9.8370826477877,1.33035239637252,1.29928644564904,1.33035239637252,1.29928644564904,1.28129651030369,0.000212344590139413,1.33035239637252,1.29928644564904,1.5393241025236,0.0161922066984104,-0.0377442582653634,-0.199192179309144
9.93746104215288,1.34392573430813,1.298837684487,1.34392573430813,1.298837684487,1.28129940648616,0.000347044142013031,1.34392573430813,1.298837684487,1.5877153013806,0.0219012542029311,-0.0481927511005065,-0.236840123121798
10.0378394365181,1.35796092444204,1.29825873532492,1.35796092444204,1.29825873532492,1.2813040681826,0.000520808627696434,1.35796092444204,1.29825873532492,1.63355963244062,0.0278078893062694,-0.0590010381898682,-0.272621046373316
10.1382178308832,1.37254037255296,1.29753346577012,1.37254037255296,1.29753346577012,1.28131111036133,0.000738485166025704,1.37254037255296,1.29753346577012,1.67656031093603,0.0335825659858136,-0.0702340833830259,-0.306281505945098
10.2385962252484,1.38774929950357,1.29664216484065,1.38774929950357,1.29664216484065,1.28132130450373,0.00100599604930873,1.38774929950357,1.29664216484065,1.71646921674246,0.0388889235367582,-0.0819594159383068,-0.337596122258211
10.3389746196136,1.40367613888491,1.29556106443071,1.40367613888491,1.29556106443071,1.28133562440786,0.00133048276548853,1.40367613888491,1.29556106443071,1.75308575172489,0.0433977673903354,-0.0942475533442882,-0.366370247689946
10.4393530139788,1.42041292741887,1.29426176523862,1.42041292741887,1.29426176523862,1.28135530348298,0.00172047877024695,1.42041292741887,1.29426176523862,1.78625416800259,0.0468002681621873,-0.107172447838456,-0.392442228181565
10.539731408344,1.43805568232283,1.29271055409456,1.43805568232283,1.29271055409456,1.28138190672671,0.00218611494571141,1.43805568232283,1.29271055409456,1.8158599177152,0.0488198998489464,-0.120811960283721,-0.415685282910921
10.6401098027091,1.45670475776703,1.29086759733392,1.45670475776703,1.29086759733392,1.28141742139238,0.00273936237178152,1.45670475776703,1.29086759733392,1.84182562167685,0.0492227527099238,-0.135248365537968,-0.436009037098523
10.7404881970743,1.47646602063935,1.28868571831794,1.47646602063935,1.28868571831794,1.28146434759066,0.00339417648464035,1.47646602063935,1.28868571831794,1.86410466924049,0.0478246148455626,-0.150569574464642,-0.453358667209822
10.8408665914395,1.49745204333388,1.28610888551815,1.49745204333388,1.28610888551815,1.28152579691773,0.00416666524898268,1.49745204333388,1.28610888551815,1.88267680450391,0.0444962714627428,-0.166870474161162,-0.467714823924142
10.9412449858047,1.51977524951886,1.2830732716233,1.51977524951886,1.2830732716233,1.28160588652895,0.00507665404835778,1.51977524951886,1.2830732716233,1.89756606292058,0.0391785408243952,-0.184247886858951,-0.479110419173826
11.0416233801699,1.54355609641508,1.27950320331191,1.54355609641508,1.27950320331191,1.28170975385055,0.00614681451670029,1.54355609641508,1.27950320331191,1.90881526651957,0.0318711507200482,-0.202807686190349,-0.487610894473465
11.142001774535,1.56892034237974,1.27531023573153,1.56892034237974,1.27531023573153,1.28184391406531,0.00740364441408059,1.56892034237974,1.27531023573153,1.91649625447944,0.0226367007160966,-0.222663369787275,-0.493321936498557
11.2423801689002,1.59599890211475,1.27039111150994,1.59599890211475,1.27039111150994,1.28201662673688,0.00887807917593486,1.59599890211475,1.27039111150994,1.92071258815911,0.0115976327790215,-0.24393689205212,-0.496389689423874
11.3427585632654,1.62206725563935,1.27313337878987,1.62206725563935,1.27313337878987,1.92131864052561,0.00804499901410405,1.62206725563935,1.27313337878987,1.28643791551897,0.0172062526992007,0.232276387541509,0.493410535437359
11.4431369576306,1.6462522433661,1.27732506802211,1.6462522433661,1.27732506802211,1.92145882573558,0.0067892216090697,1.6462522433661,1.27732506802211,1.29500308370283,0.0256765439404352,0.21331136774298,0.486903458851435
11.5435153519958,1.6689514062563,1.28092886300734,1.6689514062563,1.28092886300734,1.92156933869235,0.00570959550401295,1.6689514062563,1.28092886300734,1.3072266026261,0.0322675132256283,0.195565703969702,0.477537222589056
11.643893746361,1.69028550236826,1.28402653144041,1.69028550236826,1.28402653144041,1.92165628739115,0.00478161359320572,1.69028550236826,1.28402653144041,1.32316806218205,0.036940012745283,0.178930781020019,0.465223752324444
11.7442721407261,1.71037017756581,1.2866881823536,1.71037017756581,1.2866881823536,1.92172452281209,0.00398426455123801,1.71037017756581,1.2866881823536,1.34285770323628,0.0397180218396449,0.163305150852801,0.449914902560256
11.8446505350913,1.72931603348847,1.28897386329546,1.72931603348847,1.28897386329546,1.92177789829921,0.00329955360674372,1.72931603348847,1.28897386329546,1.36629693380495,0.0406881855497947,0.148593813168375,0.431602034547645
11.9450289294565,1.74722879536511,1.29093493394088,1.74722879536511,1.29093493394088,1.92181947534134,0.00271209046020715,1.74722879536511,1.29093493394088,1.39345731971305,0.0399969886314604,0.134707556960077,0.410315414688837
12.0454073238217,1.76420955364271,1.2926152445444,1.76420955364271,1.2926152445444,1.9218516869279,0.00220873579868863,1.76420955364271,1.2926152445444,1.42427825030642,0.0378456605122983,0.121562354357166,0.386123406815794
12.1457857181869,1.78035505931408,1.29405214414977,1.78035505931408,1.29405214414977,1.92187646732336,0.00177829891607639,1.78035505931408,1.29405214414977,1.45866362788665,0.0344829229689034,0.109078799512911,0.359131423814962
12.246164112552,1.79575805746268,1.29527734025669,1.79575805746268,1.29527734025669,1.9218953552667,0.00141127991555012,1.79575805746268,1.29527734025669,1.49647805033709,0.0301957312942855,0.0971815864415137,0.329480598739043
12.3465425069172,1.81050764718262,1.29631762872872,1.81050764718262,1.29631762872872,1.92190957615509,0.00109965084962926,1.81050764718262,1.29631762872872,1.53754304059679,0.0252982254340923,0.0857990206249,0.297346133821476
12.4469209012824,1.82468965890261,1.29719551009462,1.82468965890261,1.29719551009462,1.92192010762978,0.000836670945403073,1.82468965890261,1.29719551009462,1.58163391533421,0.0201191985460896,0.0748625599325483,0.262935288396394
12.5472992956476,1.83838704241933,1.29792970602937,1.83838704241933,1.29792970602937,1.9219277320842,0.000616731774385482,1.83838704241933,1.29792970602937,1.62847787113633,0.0149884993440144,0.064306380953261,0.22648497396949
12.6476776900128,1.85168026076645,1.29853558767581,1.85168026076645,1.29853558767581,1.92193307890901,0.000435228865664383,1.85168026076645,1.29853558767581,1.67775379583776,0.0102228986141013,0.0540669672499289,0.188258936495854
12.7480560843779,1.86464768651397,1.29902552555411,1.86464768651397,1.29902552555411,1.92193665873648,0.000288456836317952,1.86464768651397,1.29902552555411,1.72909418641013,0.00611205257550673,0.0440827163373283,0.14854452174534
12.8484344787431,1.8773659982846,1.29940916907492,1.8773659982846,1.29940916907492,1.92193889151805,0.000173525633441418,1.8773659982846,1.29940916907492,1.78208938070017,0.00290526775349931,0.0342935623685373,0.107649038457098
12.9488128731083,1.88991057624126,1.29969366209279,1.88991057624126,1.29969366209279,1.92194012993951,8.82959566297359e-05,1.88991057624126,1.29969366209279,1.83629410275972,0.000799796616701709,0.0246406116182874,0.0658957543801906
13.0491912674735,1.90235589607448,1.29988379948057,1.90235589607448,1.29988379948057,1.92194067943027,3.13323671243815e-05,1.90235589607448,1.29988379948057,1.89123610121557,-6.86420196180926e-05,0.0150657878931638,0.0236195805555457
13.1495696618387,1.91477592161651,1.299982128345,1.91477592161651,1.299982128345,1.92194081584365,1.87299851783784e-06,1.91477592161651,1.299982128345,1.9464264517165,0.000367476248317455,0.00551148500099455,-0.0188374825141242
13.2499480562038,1.9272444966365,1.29998899621172,1.9272444966365,1.29998899621172,1.92194080176379,-1.84828147231642e-07,1.9272444966365,1.29998899621172,2.00137092322372,0.00210407339251373,-0.00407977660438255,-0.0611310485783595
13.350326450569,1.93983573662707,1.29990254726001,1.93983573662707,1.29990254726001,1.92194090232515,2.57165928505554e-05,1.93983573662707,1.29990254726001,2.05558169571283,0.00506554093245226,-0.0137656919045023,-0.102919101580246
13.4507048449342,1.95262442147536,1.29971866645887,1.95262442147536,1.29971866645887,1.92194140140962,8.08121780548898e-05,1.95262442147536,1.29971866645887,2.10858867862417,0.00910828741645053,-0.0236045150333496,-0.143866702849207
13.5510832392994,1.96568638981883,1.29943087022259,1.96568638981883,1.29943087022259,1.92194261911211,0.000167046927125769,1.96568638981883,1.29943087022259,2.15994972033163,0.0140275255801139,-0.0336554075340176,-0.183650551700092
13.6514616336646,1.97909893561843,1.29903014094351,1.97909893561843,1.29903014094351,1.92194493144041,0.000287125637393748,1.97909893561843,1.29903014094351,2.20925911355423,0.019566857964054,-0.0439787940434092,-0.221963310853721
13.7518400280297,1.99294120703936,1.29850470144611,1.99294120703936,1.29850470144611,1.92194879334279,0.000444580651415727,1.99294120703936,1.29850470144611,2.2561539749042,0.0254300615160969,-0.0546367282795771,-0.258517622543292
13.8522184223949,2.00729460711149,1.29783972401678,2.00729460711149,1.29783972401678,1.92195476634472,0.000643859246195699,2.00729460711149,1.29783972401678,2.30031828657182,0.0312943741474851,-0.0656932722110295,-0.293049759380715
13.9525968167601,2.02224319484055,1.29701696716943,2.02224319484055,1.29701696716943,1.92196355233455,0.000890432721934564,2.02224319484055,1.29701696716943,2.3414846091654,0.0368245535357523,-0.0772148913314746,-0.325322874285993
14.0529752111253,2.03787408443768,1.29601433168216,2.03787408443768,1.29601433168216,1.92197603538122,0.00119092973696966,2.03787408443768,1.29601433168216,2.37943368234522,0.0416870055518359,-0.0892708690692975,-0.355129834204054
14.1533536054905,2.05427783909608,1.29480532565428,2.05427783909608,1.29480532565428,1.92199333391409,0.00155329697279738,2.05427783909608,1.29480532565428,2.41399230354165,0.0455633538695326,-0.101933743550624,-0.382295641226511
14.2537319998556,2.07154885421299,1.29335842635684,2.07154885421299,1.29335842635684,1.92201686617125,0.00198699080768105,2.07154885421299,1.29335842635684,2.4450300003673,0.0481629262576477,-0.115279770229315,-0.40667946066937
14.3541103942208,2.08978572305424,1.29163632445326,2.08978572305424,1.29163632445326,1.9220484325589,0.00250320433831974,2.08978572305424,1.29163632445326,2.47245508191126,0.049233748074752,-0.12938941431698,-0.428176287602854
14.454488788586,2.10909157547731,1.28959503372132,2.10909157547731,1.28959503372132,1.92209031950388,0.00311513482496961,2.10909157547731,1.28959503372132,2.49621066696592,0.048571742640515,-0.144347877512226,-0.446718290720134
14.5548671829512,2.12957437732437,1.28718284668839,2.12957437732437,1.28718284668839,1.92214543057467,0.0038382974537281,2.12957437732437,1.28718284668839,2.51627124744074,0.0460279286212646,-0.160245664264733,-0.462275875172402
14.6552455773164,2.15134717428367,1.28433911358018,2.15134717428367,1.28433911358018,1.92221745216266,0.00469089221590591,2.15134717428367,1.28433911358018,2.53264026007667,0.0415134690401016,-0.177179193746161,-0.474858504425302
14.7556239716815,2.17452825916205,1.2809928186714,2.17452825916205,1.2809928186714,1.92231106293974,0.00569423170058836,2.17452825916205,1.2809928186714,2.54534901798054,0.0350024636408042,-0.19525146487528,-0.484515316016966
14.8560023660467,2.19924123531645,1.27706092452576,2.19924123531645,1.27706092452576,1.92243219875214,0.00687323867916634,2.19924123531645,1.27706092452576,2.55445720470035,0.026532390227302,-0.214572783211458,-0.491335558332114
14.9563807604119,2.22561494108223,1.27244645076092,2.22561494108223,1.27244645076092,1.9225883877138,0.00825702351765467,2.22561494108223,1.27244645076092,2.56005496655813,0.0162020997846903,-0.235261560359019,-0.495448866395949
15.0567591547771,2.25261243002722,1.27127827946056,2.25261243002722,1.27127827946056,2.43194145354336,-0.0162935054604731,2.25261243002722,1.27127827946056,2.05420331992846,-0.013491670775593,0.138386684280882,0.291607895730915
15.1571375491423,2.27742445229437,1.27572959267072,2.27742445229437,1.27572959267072,2.56205303400185,0.00727124866600382,2.27742445229437,1.27572959267072,1.93175607196201,0.0225283435337713,0.220733169749523,0.489869288961859
15.2575159435075,2.30070113167747,1.27955688711926,2.30070113167747,1.27955688711926,2.56217475448964,0.00612391103709142,2.30070113167747,1.27955688711926,1.94250886080535,0.02987760942939,0.202514988447182,0.48165860572668
15.3578943378726,2.32256525280498,1.28284705384459,2.32256525280498,1.28284705384459,2.562270598085,0.00513763952371704,2.32256525280498,1.28284705384459,1.95695981540668,0.0353164273087938,0.185449889034483,0.470530648191927
15.4582727322378,2.34313449468254,1.28567462378533,2.34313449468254,1.28567462378533,2.56234589286256,0.00429007459333763,2.34313449468254,1.28567462378533,1.97515068905523,0.0388434729088174,0.169433666653361,0.456421420641926
15.558651126603,2.36252145054671,1.28810346206313,2.36252145054671,1.28810346206313,2.56240487055788,0.00356205813539612,2.36252145054671,1.28810346206313,1.99709438540259,0.0405205750130759,0.154368841727074,0.439306623618828
15.6590295209682,2.38083375978443,1.29018822645088,2.38083375978443,1.29018822645088,2.56245089278768,0.00293719537742199,2.38083375978443,1.29018822645088,2.02277454351043,0.0404708193378747,0.140163978524658,0.419201126431913
15.7594079153334,2.39817432313818,1.29197561989283,2.39817432313818,1.29197561989283,2.56248663057393,0.00240147870313279,2.39817432313818,1.29197561989283,2.05214369845785,0.038874344343506,0.126733059253315,0.396158245201921
15.8597863096985,2.4146415789244,1.29350546333782,2.4146415789244,1.29350546333782,2.56251420690676,0.00194296547192363,2.4146415789244,1.29350546333782,2.08512031004764,0.0359619319410522,0.113994905905355,0.370268794779184
15.9601647040637,2.43032982309109,1.2948116118191,2.43032982309109,1.2948116118191,2.56253531005568,0.00155150294059325,2.43032982309109,1.2948116118191,2.12158508494693,0.0320065252486141,0.101872643340642,0.34165987637889
16.0605430984289,2.44532955994194,1.29592273368144,2.44532955994194,1.29592273368144,2.5625512837416,0.00121849430109089,2.44532955994194,1.29592273368144,2.1613771174819,0.0273128604654886,0.0902931980893004,0.310493359520913
16.1609214927941,2.45972787350385,1.29686297011368,2.45972787350385,1.29686297011368,2.56256319902373,0.000936700673472401,2.45972787350385,1.29686297011368,2.2042904321094,0.0222054814000054,0.0791868281545987,0.276964017681327
16.2612998871593,2.47360881200674,1.29765248967728,2.47360881200674,1.29765248967728,2.5625719117642,0.000700074635945347,2.47360881200674,1.29765248967728,2.2500715182361,0.0170155082130941,0.0684866797142281,0.241297282453349
16.3616782815244,2.48705377993069,1.29830795030393,2.48705377993069,1.29830795030393,2.56257810875361,0.000503621540983934,2.48705377993069,1.29830795030393,2.29841840008952,0.0120666457765977,0.0581283670844212,0.203746591065435
16.4620566758896,2.50014193367196,1.29884287924239,2.50014193367196,1.29884287924239,2.56258234497025,0.000343285466214871,2.50014193367196,1.29884287924239,2.34898167969547,0.00766102620318598,0.0480495726465145,0.164590316445043
16.5624350702548,2.51295057817332,1.29926797963444,2.51295057817332,1.29926797963444,2.56258507396897,0.00021585719011008,2.51295057817332,1.29926797963444,2.40136783458726,0.00406556636699507,0.0381896636594629,0.124128286809047
16.66281346462,2.52555556291482,1.29959137076454,2.52555556291482,1.29959137076454,2.56258667302838,0.000118902074352389,2.52555556291482,1.29959137076454,2.45514485544073,0.00149956650992111,0.0284893230146617,0.0826779217320692
16.7631918589852,2.53803167650965,1.29981876752655,2.53803167650965,1.29981876752655,2.56258746440526,5.07061860586244e-05,2.53803167650965,1.29981876752655,2.50985009080036,0.000124265642778898,0.0188901910524485,0.0405700321761009
16.8635702533503,2.55045303981598,1.29995360325587,2.55045303981598,1.29995360325587,2.56258773383924,1.02394122907246e-05,2.55045303981598,1.29995360325587,2.56499994983753,3.49952619602689e-05,0.0093345155749718,-0.00185564874768901
16.9639486477155,2.56289349797054,1.29999709875951,2.56289349797054,1.29999709875951,2.56258774730605,-2.86528530746288e-06,2.56289349797054,1.29999709875951,2.62010092512814,0.00125643554841148,-0.000235192821011103,-0.0442551212746217
17.0643270420807,2.57542701207344,1.29994827911443,2.57542701207344,1.29994827911443,2.56258776692791,1.16830513421373e-05,2.57542701207344,1.29994827911443,2.67466125948334,0.00374128787383876,-0.00987650298662161,-0.0862848661232668
17.1647054364459,2.58812805140539,1.29980393857057,2.58812805140539,1.29980393857057,2.56258806690868,5.48438634755399e-05,2.58812805140539,1.29980393857057,2.72820251200133,0.00737245276996545,-0.0196474059465911,-0.127606582851226
17.2650838308111,2.60107198703481,1.29955855266661,2.60107198703481,1.29955855266661,2.5625889503682,0.000128271393734503,2.60107198703481,1.29955855266661,2.78027028799857,0.0119685678765418,-0.0296066610158736,-0.167891819595495
17.3654622251762,2.61433548747382,1.29920413541933,2.61433548747382,1.29920413541933,2.56259076800457,0.000234357477187697,2.61433548747382,1.29920413541933,2.83044348410214,0.0172925418243188,-0.039814148202274,-0.206826401283036
17.4658406195414,2.62799691666829,1.29873003815752,2.62799691666829,1.29873003815752,2.56259393961854,0.000376291833729558,2.62799691666829,1.29873003815752,2.87834155204022,0.0230625409073588,-0.0503312297739909,-0.244114575942693
17.5662190139066,2.64213673405925,1.29812268521515,2.64213673405925,1.29812268521515,2.56259897969623,0.000558141298008907,2.64213673405925,1.29812268521515,2.92362948284434,0.0289647626612144,-0.061221123866138,-0.279482815664071
17.6665974082718,2.65683789572515,1.29736524024797,2.65683789572515,1.29736524024797,2.56260652847446,0.000784949858640527,2.65683789572515,1.29736524024797,2.96602043276632,0.0346672720905812,-0.0725492930263453,-0.312683228391335
17.766975802637,2.6721862546943,1.2964371953684,2.6721862546943,1.2964371953684,2.56261739021902,0.00106286185025062,2.6721862546943,1.2964371953684,3.00527612787447,0.0398341807353728,-0.0843838506784726,-0.343496557291435
17.8673541970021,2.68827095737556,1.29531387357393,2.68827095737556,1.29531387357393,2.56263258084811,0.0013992711586257,2.68827095737556,1.29531387357393,3.0412053735241,0.0441395060703842,-0.0967959886375235,-0.371734764112852
17.9677325913673,2.70518483164792,1.29396583304682,2.70518483164792,1.29396583304682,2.56265338755254,0.0018029998697926,2.70518483164792,1.29396583304682,3.07366114069893,0.0472801430398522,-0.109860429059593,-0.397243210191517
18.0681109857325,2.72302476040521,1.29235815979687,2.72302476040521,1.29235815979687,2.56268144373008,0.00228451042734457,2.72302476040521,1.29235815979687,3.10253679341772,0.048987492297148,-0.1236559045787,-0.419902462367664
18.1684893800977,2.74189203217481,1.2904496327744,2.74189203217481,1.2904496327744,2.56271882340129,0.00285615606763634,2.74189203217481,1.2904496327744,3.12776205658948,0.0490374029900202,-0.138265670888257,-0.439629760300011
18.2688677744629,2.76189265768874,1.28819174297225,2.76189265768874,1.28819174297225,2.56276816035526,0.0035324750876875,2.76189265768874,1.28819174297225,3.14929930413748,0.0472581870203794,-0.153778056691138,-0.456380186223347
18.369246168828,2.78313763781474,1.28552754514075,2.78313763781474,1.28552754514075,2.5628327986472,0.00433053537239925,2.78313763781474,1.28552754514075,3.16714067912889,0.043536537016504,-0.170287056796074,-0.470147578265019
18.4696245631932,2.80574316383975,1.28239031754599,2.80574316383975,1.28239031754599,2.56291698281391,0.00527033656988629,2.80574316383975,1.28239031754599,3.18130644948082,0.0378212280702444,-0.187892975214168,-0.48096522458617
18.5700029575584,2.82983072546846,1.27870200171253,2.82983072546846,1.27870200171253,2.56302609838662,0.00637527835578067,2.82983072546846,1.27870200171253,3.19184486377721,0.0301245056536856,-0.206703126454451,-0.488906368745525
18.6703813519236,2.85552709471214,1.27437139033252,2.85552709471214,1.27437139033252,2.56316697609187,0.0076727043616438,2.85552709471214,1.27437139033252,3.19883361095728,0.0205210659701458,-0.226832604894239,-0.494084547958432
18.7707597462888,2.88291121588256,1.26931669495718,2.88291121588256,1.26931669495718,2.56335137040718,0.00920499151190368,2.88291121588256,1.26931669495718,3.20247106135782,0.00920499151187193,-0.248360675593221,-0.496721351186343
18.871138140654,2.90836920471246,1.27404242843485,2.90836920471246,1.27404242843485,3.20264108387141,0.00778650598620789,2.90836920471246,1.27404242843485,2.56905341848824,0.0191062558670829,0.228342114910177,0.492412657994862
18.9715165350191,2.93224159028882,1.27810593247964,2.93224159028882,1.27810593247964,3.20277527626173,0.00656689463851978,2.93224159028882,1.27810593247964,2.57834521631363,0.0272033157715204,0.209634929128055,0.485342632006756
19.0718949293843,2.95465316779828,1.28159950630911,2.95465316779828,1.28159950630911,3.20288101819106,0.00551842178141504,2.95465316779828,1.28159950630911,2.59131110135169,0.0334077971753244,0.192124260701811,0.475391220063623
19.1722733237495,2.97572365453558,1.2846023486172,2.97572365453558,1.2846023486172,3.20296416896972,0.0046172906576547,2.97572365453558,1.2846023486172,2.60800452382419,0.0376931133843956,0.175703039049259,0.462478521611014
19.2726517181147,2.99556765638344,1.28718235382603,2.99556765638344,1.28718235382603,3.20302938160998,0.00384310305636881,2.99556765638344,1.28718235382603,2.62844981776787,0.0400959524206428,0.160271205764497,0.44656449655708
19.3730301124799,3.01429475975419,1.28939765972095,3.01429475975419,1.28939765972095,3.20308035184339,0.00317839372485684,3.01429475975419,1.28939765972095,2.65264240293166,0.0407153250958865,0.145735008859723,0.427648508386156
19.473408506845,3.03200971720799,1.29129797782522,3.03200971720799,1.29129797782522,3.20312001567653,0.00260823015202516,3.03200971720799,1.29129797782522,2.68054748685195,0.0397092671725721,0.13200635599314,0.405768683217688
19.5737869012102,3.04881270212041,1.29292573416429,3.04881270212041,1.29292573416429,3.20315070621693,0.00211986940712428,3.04881270212041,1.29292573416429,2.71209749984314,0.037289292930059,0.119002218338986,0.381001056345302
19.6741652955754,3.06479961337899,1.29431704462893,3.06479961337899,1.29431704462893,3.20317427826358,0.00170246474903579,3.06479961337899,1.29431704462893,2.74718863900606,0.0337127177452425,0.106644078122497,0.353458470286175
19.7745436899406,3.08006241548467,1.29550254599635,3.08006241548467,1.29550254599635,3.20319220739345,0.00134681566692119,3.08006241548467,1.29550254599635,2.78567701152057,0.0292730115386797,0.0948574139385923,0.323289183701291
19.8749220843058,3.09468950289086,1.29650810081331,3.09468950289086,1.29650810081331,3.20320566888527,0.00104515587128118,3.09468950289086,1.29650810081331,2.82737494314584,0.0242884161093169,0.0835712188457546,0.290675149667333
19.9753004786709,3.10876608014061,1.29735539177151,3.10876608014061,1.29735539177151,3.20321560072696,0.000790974528384059,3.10876608014061,1.29735539177151,2.87204804633226,0.0190891548435739,0.0727175469109097,0.255829925327875
20.0756788730361,3.12237455153095,1.29806241889337,3.12237455153095,1.29806241889337,3.2032227540913,0.000578866726808291,3.12237455153095,1.29806241889337,2.91941361693812,0.0140036745092962,0.062231084404377,0.218996183183046
20.1760572674013,3.13559491576984,1.29864391076825,3.13559491576984,1.29864391076825,3.20322773398804,0.000404409790152327,3.13559491576984,1.29864391076825,2.96914084620714,0.00934447203184274,0.0520487422281401,0.180442807008209
20.2764356617665,3.14850516249522,1.29911165920715,3.14850516249522,1.29911165920715,3.20323103227201,0.000264062613471561,3.14850516249522,1.29911165920715,3.02085319776732,0.00539415685158984,0.0421092664258659,0.14046157196818
20.3768140561317,3.16118166866577,1.29947478498737,3.16118166866577,1.29947478498737,3.20323305477672,0.000155085711573522,3.16118166866577,1.29947478498737,3.07413311695829,0.00239246314128572,0.0323528637890992,0.09936342780209
20.4771924504968,3.17369959375742,1.29973994080833,3.17369959375742,1.29973994080833,3.2032341440289,7.54801338576083e-05,3.17369959375742,1.29973994080833,3.12852902767545,0.000524939370985189,0.0227208396617554,0.0574744244972585
20.577570844862,3.18613327343615,1.29991145614641,3.18613327343615,1.29991145614641,3.20323459876474,2.39438315920992e-05,3.18613327343615,1.29991145614641,3.18356435184653,-8.6005636445341e-05,0.0131552450762493,0.0151313398928154
20.6779492392272,3.19855661193924,1.29999142735326,3.19855661193924,1.29999142735326,3.20323469129945,-1.55532374535028e-07,3.19855661193924,1.29999142735326,3.23874808371118,0.000612866041429294,0.00359853035124875,-0.027322913676928
20.7783276335924,3.21104347378908,1.29997975506161,3.21104347378908,1.29997975506161,3.20323468369032,3.20804347686554e-06,3.21104347378908,1.29997975506161,3.29358629017573,0.00260290793393136,-0.00600679773686372,-0.0695440129726633
20.8787060279576,3.22366807568307,1.29987412972095,3.22366807568307,1.29987412972095,3.20323484357277,3.4723091995037e-05,3.22366807568307,1.29987412972095,3.34759381044639,0.00579437473543942,-0.0157185181132089,-0.111190978738216
20.9790844223227,3.23650537944916,1.29966996485783,3.23650537944916,1.29966996485783,3.20323546053602,9.57605526268335e-05,3.23650537944916,1.29966996485783,3.40030540598687,0.0100306543115689,-0.0255950398038864,-0.151930860983742
21.0794628166879,3.24963148682692,1.29936027641874,3.24963148682692,1.29936027641874,3.20323686394012,0.000188409817867496,3.24963148682692,1.29936027641874,3.4512856686331,0.0150956654603578,-0.0356957514769257,-0.191443258236918
21.1798412110531,3.26312403652936,1.29893550528377,3.26312403652936,1.29893550528377,3.20323944315942,0.000315531820813897,3.26312403652936,1.29893550528377,3.50013712285658,0.0207239434092661,-0.046081379009594,-0.229424584792002
21.2802196054183,3.27706260356173,1.29838327871219,3.27706260356173,1.29838327871219,3.20324367137638,0.000480830432265655,3.27706260356173,1.29838327871219,3.54650614089379,0.0266127883366698,-0.0568143539553033,-0.265592015368214
21.3805979997835,3.2915291001178,1.29768810507132,3.2915291001178,1.29768810507132,3.20325013424868,0.000688943859145308,3.2915291001178,1.29768810507132,3.59008650367566,0.0324357678749809,-0.067959195794536,-0.299687055379837
21.4809763941486,3.30660817653258,1.29683099468099,3.30660817653258,1.29683099468099,3.20325956504573,0.000945558192195994,3.30660817653258,1.29683099468099,3.63062066070219,0.0378568447866197,-0.0795829109094387,-0.331478705443717
21.5813547885138,3.32238761972083,1.29578899794936,3.32238761972083,1.29578899794936,3.2032728882108,0.00125754574849313,3.32238761972083,1.29578899794936,3.66789894418887,0.0425444389488714,-0.0917554113433811,-0.360766208983956
21.681733182879,3.33895874523588,1.29453465015246,3.33895874523588,1.29453465015246,3.2032912737734,0.00163313140210208,3.33895874523588,1.29453465015246,3.70175715753311,0.0461848145556401,-0.104549956616762,-0.387381390167351
21.7821115772442,3.35641677748199,1.29303531018937,3.35641677748199,1.29303531018937,3.20331620563868,0.00208209070337317,3.35641677748199,1.29303531018937,3.73207307245772,0.048494291160621,-0.118043622189561,-0.411190604562972
21.8824899716094,3.37486121062123,1.2912523783986,3.37486121062123,1.2912523783986,3.20334956755039,0.00261598426287057,3.37486121062123,1.2912523783986,3.75876242707302,0.0492298922870045,-0.132317798609995,-0.432096335933088
21.9828683659746,3.39439614021565,1.28914037601954,3.39439614021565,1.28914037601954,3.20339375150392,0.00324843362841243,3.39439614021565,1.28914037601954,3.78177501874881,0.0481981515520173,-0.147458725988616,-0.450038478965323
22.0832467603397,3.41513055248646,1.28664586610317,3.41513055248646,1.28664586610317,3.20345179463187,0.00399544472049973,3.41513055248646,1.28664586610317,3.80109143597529,0.0452618818273418,-0.163558069213143,-0.464995349548577
22.1836251547049,3.43717855405862,1.28370619260163,3.43717855405862,1.28370619260163,3.20352755216634,0.00487578581786852,3.43717855405862,1.28370619260163,3.81672088007849,0.0403447717913243,-0.180713540302766,-0.476984461799828
22.2840035490701,3.46065951994594,1.28024801099155,3.46065951994594,1.28024801099155,3.20362591609014,0.00591142810266843,3.46065951994594,1.28024801099155,3.82870039978612,0.0334337061464078,-0.199029575533039,-0.486063105245439
22.3843819434353,3.48569813100549,1.27618558012853,3.48569813100549,1.27618558012853,3.20375309163857,0.00712805787967974,3.48569813100549,1.27618558012853,3.83709570843992,0.0245787159042943,-0.218618076499608,-0.492328747415519
22.4847603378005,3.51242426375591,1.2714187811353,3.51242426375591,1.2714187811353,3.20391694705118,0.00855567076282249,3.51242426375591,1.2714187811353,3.8420035840503,0.0138904627128924,-0.239599226205829,-0.495919277910053
22.5851387321656,3.53899999088116,1.27222432914483,3.53899999088116,1.27222432914483,3.8432262495373,0.00832307368849627,3.53899999088116,1.27222432914483,3.20705999079767,0.0153170786507526,0.236210660172453,0.49440841288018
22.6855171265308,3.56349758075826,1.27654420356453,3.56349758075826,1.27654420356453,3.84337333978058,0.00702872137784705,3.56349758075826,1.27654420356453,3.2148972075312,0.0241553742523397,0.216987806357541,0.488464285696337
22.785895520896,3.58648432902918,1.2802582197055,3.58648432902918,1.2802582197055,3.84348935162251,0.00591587231144319,3.58648432902918,1.2802582197055,3.22637739524924,0.0311293247376492,0.199007147237246,0.479683225114606
22.8862739152612,3.60808203451579,1.28345071426353,3.60808203451579,1.28345071426353,3.84358067963463,0.00495926409767145,3.60808203451579,1.28345071426353,3.24156637032556,0.0361872024492866,0.182158522990451,0.467968983037882
22.9866523096264,3.62840738306299,1.28619401088107,3.62840738306299,1.28619401088107,3.84365240285081,0.00413723309915714,3.62840738306299,1.28619401088107,3.26050030982471,0.0393402161395873,0.166339095940792,0.453265308563328
23.0870307039915,3.64757199153754,1.28855006686988,3.64757199153754,1.28855006686988,3.84370855612551,0.00343122099155524,3.64757199153754,1.28855006686988,3.28318658404078,0.0406625419689299,0.151452617476729,0.435555560708914
23.1874090983567,3.66568255783703,1.29057189005644,3.66568255783703,1.29057189005644,3.84375234542278,0.00282535026331465,3.66568255783703,1.29057189005644,3.30960304182824,0.0402889707621938,0.137408757926728,0.414862146159649
23.2877874927219,3.68284108947979,1.29230475492439,3.68284108947979,1.29230475492439,3.84378631872059,0.00230605989225374,3.68284108947979,1.29230475492439,3.33969591671308,0.0384102655805305,0.12412249037507,0.39124575728583
23.3881658870871,3.69914518956394,1.29378724367049,3.69914518956394,1.29378724367049,3.84381250177771,0.0018617935082752,3.69914518956394,1.29378724367049,3.37337667438321,0.0352663362093002,0.111513520903058,0.364804377343178
23.4885442814523,3.71468838375544,1.29505213451691,3.71468838375544,1.29505213451691,3.84383250608902,0.00148273333787152,3.71468838375544,1.29505213451691,3.41051824936486,0.0311373710360738,0.0995057589441759,0.335672013776114
23.5889226758174,3.72956047578913,1.29612715664402,3.72956047578913,1.29612715664402,3.84384761484057,0.00116057412250714,3.72956047578913,1.29612715664402,3.45095121118598,0.0263331270166569,0.0880268224037918,0.304017117974831
23.6893010701826,3.74384792197936,1.29703562841761,3.74384792197936,1.29703562841761,3.84385885148202,0.000888332011831139,3.74384792197936,1.29703562841761,3.49446044904367,0.0211806647392359,0.0770075729539378,0.270040651464023
23.7896794645478,3.75763421762246,1.29779699316524,3.75763421762246,1.29779699316524,3.84386703459395,0.000660184159670285,3.75763421762246,1.29779699316524,3.54078296121655,0.0160109218588111,0.0663816775018985,0.233973764754946
23.890057858913,3.7710002900778,1.29842726458324,3.7710002900778,1.29842726458324,3.84387282198847,0.000471335403462669,3.7710002900778,1.29842726458324,3.58960727642701,0.0111446326027191,0.0560851922714722,0.196075065982421
23.9904362532782,3.78402489484745,1.29893939190094,3.78402489484745,1.29893939190094,3.84387674640328,0.000317908994800886,3.78402489484745,1.29893939190094,3.64057491902151,0.0068782074226128,0.0460561662485453,0.156627471521344
24.0908146476433,3.79678501221817,1.29934355316234,3.79678501221817,1.29934355316234,3.84387924469848,0.000196858879090156,3.79678501221817,1.29934355316234,3.69328416438262,0.00347026672676898,0.0362342609477285,0.115934649110878
24.1911930420085,3.80935602341036,1.29964720006899,3.80935602341036,1.29964720006899,3.84388068684412,0.000105724157276832,3.80935602341036,1.29964720006899,3.74729761234014,0.00112929352497604,0.0265605562160245,0.0743159450726603
24.2915714363737,3.82181300296773,1.29985567421184,3.82181300296773,1.29985567421184,3.84388138078201,4.3000515882019e-05,3.82181300296773,1.29985567421184,3.80214465528453,4.46884277827131e-06,0.0169764906709394,0.0321065661429288
24.3919498307389,3.83423020510515,1.29997207594007,3.83423020510515,1.29997207594007,3.84388160396945,7.90316454324369e-06,3.83423020510515,1.29997207594007,3.85733706006106,0.000177448603103425,0.00742422117502986,-0.0103512186956394
24.4923282251041,3.84668145553746,1.29999717857309,3.84668145553746,1.29999717857309,3.84388162132972,1.93604116516255e-07,3.84668145553746,1.29999717857309,3.91238049970437,0.00165838010962016,-0.00215372028634384,-0.0527129840772753
24.5927066194692,3.85924077631901,1.29992955821888,3.85924077631901,1.29992955821888,3.84388169693622,2.02926620433974e-05,3.85924077631901,1.29992955821888,3.9667847859725,0.00438554662079849,-0.0118149513272758,-0.094635762079491
24.6930850138344,3.87198277825756,1.29976554792186,3.87198277825756,1.29976554792186,3.84388211009608,6.92940037112511e-05,3.87198277825756,1.29976554792186,4.020075332429,0.00822824865444471,-0.0216175822673421,-0.135782769002569
24.7934634081996,3.88498305488366,1.2994991387174,3.88498305488366,1.2994991387174,3.84388317250259,0.000148993580118439,3.88498305488366,1.2994991387174,4.07180363896671,0.0129929905148818,-0.0316205632320162,-0.175828003223962
24.8938418025648,3.89831857857547,1.2991218251896,3.89831857857547,1.2991218251896,3.84388524740317,0.000261935725960338,3.89831857857547,1.2991218251896,4.12155617460761,0.0184325671266596,-0.0418840381391386,-0.214460623256831
24.99422019693,3.91206809902879,1.29862239182803,3.91206809902879,1.29862239182803,3.84388877184498,0.000411477013047445,3.91206809902879,1.29862239182803,4.16896119906611,0.0242574773889952,-0.0524697084474214,-0.251389028763451
25.0945985912951,3.92631254367679,1.29798663510536,3.92631254367679,1.29798663510536,3.84389428323424,0.000601869376383179,3.92631254367679,1.29798663510536,4.21369326843406,0.0301489802622836,-0.0634412095423452,-0.28634458495467
25.1949769856603,3.94113541889766,1.2971970147258,3.94113541889766,1.2971970147258,3.84390245168635,0.000838364472221853,3.94113541889766,1.2971970147258,4.25547539138339,0.035773064700406,-0.0748645026695926,-0.319084950837432
25.2953553800255,3.95662320988534,1.29623222589614,3.95662320988534,1.29623222589614,3.84391411996746,0.0011273417072668,3.95662320988534,1.29623222589614,4.29407901442638,0.0407946209226595,-0.0868082854185571,-0.349396992324525
25.3957337743907,3.97286577586651,1.29506668271714,3.97286577586651,1.29506668271714,3.84393035324959,0.001476462904622,3.97286577586651,1.29506668271714,4.32932219644503,0.0448911669481136,-0.0993444239306678,-0.377099280535617
25.4961121687559,3.98995673587726,1.29366990085502,3.98995673587726,1.29366990085502,3.84395250144621,0.00189485715422077,3.98995673587726,1.29366990085502,4.36106646823327,0.0477655840832016,-0.112548410280627,-0.402044192201323
25.5964905631211,4.00799383848787,1.29200576549918,4.00799383848787,1.29200576549918,3.84398227759281,0.00239334004230929,4.00799383848787,1.29200576549918,4.38921295344635,0.0491574294620529,-0.126499848873567,-0.424119641824269
25.6968689574862,4.02707930658284,1.29003166821487,4.02707930658284,1.29003166821487,3.84402185662586,0.00298467217500664,4.02707930658284,1.29003166821487,4.41369835100204,0.0488525052845639,-0.14128297623842,-0.443250483501371
25.7972473518514,4.04732014542717,1.28769749363257,4.04732014542717,1.28769749363257,3.84407400004499,0.00368386271299137,4.04732014542717,1.28769749363257,4.43449134885936,0.0466904593121109,-0.156987219300595,-0.459399623891955
25.8976257462166,4.0688283986029,1.2849444339589,4.0688283986029,1.2849444339589,3.84414221337921,0.00450852452428951,4.0688283986029,1.2849444339589,4.4515899620471,0.0425702610344296,-0.173707798113809,-0.472568886990408
25.9980041405818,4.0917213317578,1.28170360603702,4.0917213317578,1.28170360603702,3.84423094520151,0.00547928854333701,4.0917213317578,1.28170360603702,4.46502017253246,0.0364534402163963,-0.191546380158682,-0.482799666778882
26.098382534947,4.11612151818554,1.27789444213492,4.11612151818554,1.27789444213492,3.84434583875082,0.00662028599558151,4.11612151818554,1.27789444213492,4.47483610426313,0.0283649924078766,-0.210611794723989,-0.490173396457633
26.1987609293121,4.14215679269469,1.27342282182934,4.14215679269469,1.27342282182934,3.84449405015914,0.00795970829887338,4.14215679269469,1.27342282182934,4.48112180255063,0.0183918572338968,-0.231020817642059,-0.49481185398675
26.2991393236773,4.16937916511268,1.27029748720882,4.16937916511268,1.27029748720882,4.09793208768384,-0.0277376876330957,4.16937916511268,1.27029748720882,4.23119649643742,-0.0282319185220987,-0.0549869956433259,-0.102556727701457
26.3995177180425,4.19451667997694,1.27488705702633,4.19451667997694,1.27488705702633,4.4839663756375,0.00752015131906769,4.19451667997694,1.27488705702633,3.85201540749751,0.0208165333515427,0.224535567525069,0.491145350180844
26.4998961124077,4.21809332412097,1.27883320924769,4.21809332412097,1.27883320924769,4.48409384913112,0.0063381323635725,4.21809332412097,1.27883320924769,3.86203232350277,0.0285450169341075,0.206071174901027,0.483509754204485
26.6002745067729,4.24023291193436,1.28222560187823,4.24023291193436,1.28222560187823,4.4841942735158,0.00532198215772572,4.24023291193436,1.28222560187823,3.87573499215484,0.0343709362715325,0.188781910211123,0.472975016828855
26.700652901138,4.26105416624167,1.28514115104369,4.26105416624167,1.28514115104369,4.48427321556359,0.0044486602326399,4.26105416624167,1.28514115104369,3.89317117896464,0.0382802495506165,0.17256210331682,0.459468998604224
26.8010312955032,4.28067071045769,1.28764577827222,4.28067071045769,1.28764577827222,4.48433509700746,0.00369842045286028,4.28067071045769,1.28764577827222,3.91435969673953,0.0403221469604491,0.157312957242666,0.442959341665653
26.9014096898684,4.29919117981613,1.28979591525351,4.29919117981613,1.28979591525351,4.48438343071096,0.00305435992528369,4.29919117981613,1.28979591525351,3.93929029840145,0.040607636587344,0.142941854118781,0.423452979069449
27.0017880842336,4.3167194213074,1.2916397967295,4.3167194213074,1.2916397967295,4.48442100809054,0.00250203148079597,4.3167194213074,1.2916397967295,3.96792210501921,0.0393058028803503,0.129361718458952,0.400995455166826
27.1021664785988,4.33335475881388,1.29321856851112,4.33335475881388,1.29321856851112,4.48445004794883,0.00202911161440622,4.33335475881388,1.29321856851112,4.00018083129595,0.0366378373114551,0.11649042970057,0.375670027035604
27.2025448729639,4.34919230529951,1.29456723422785,4.34919230529951,1.29456723422785,4.48447231476309,0.00162511679198696,4.34919230529951,1.29456723422785,4.03595520911447,0.0328689653958905,0.104250277246692,0.347596509950685
27.3029232673291,4.36432330812054,1.29571546132125,4.36432330812054,1.29571546132125,4.48448921280513,0.00128116196444572,4.36432330812054,1.29571546132125,4.07509311710707,0.0282984436801292,0.0925674523031075,0.316929825857275
27.4033016616943,4.378835516836,1.29668826399117,4.378835516836,1.29668826399117,4.484501861156,0.000989755973948903,4.378835516836,1.29668826399117,4.1173979913291,0.023247876592986,0.0813715716395979,0.283858213718416
27.5036800560595,4.39281356551251,1.2975065782794,4.39281356551251,1.2975065782794,4.48451115364289,0.000744629296061561,4.39281356551251,1.2975065782794,4.16262611056593,0.018048202408887,0.0705952290577724,0.24860106501296
27.6040584504247,4.40633936360002,1.29818774220787,4.40633936360002,1.29818774220787,4.48451780691155,0.000540590243444994,4.40633936360002,1.29818774220787,4.21048531345314,0.0130258103716272,0.0601735708442831,0.211406356742765
27.7044368447898,4.41949249112488,1.2987458918504,4.41949249112488,1.2987458918504,4.48452239920878,0.000373406369212903,4.41949249112488,1.2987458918504,4.26063561132438,0.00848836261832986,0.0500438918492463,0.17254766780001
27.804815239155,4.43235059529811,1.29919228237924,4.43235059529811,1.29919228237924,4.48452540195071,0.00023970836017595,4.43235059529811,1.29919228237924,4.31269201409381,0.00471098705506234,0.0401452490753196,0.132320781707634
27.9051936335202,4.44498978673453,1.29953554145992,4.44498978673453,1.29953554145992,4.48452720576661,0.000136914211034345,4.44498978673453,1.29953554145992,4.36622969687825,0.00192356238226155,0.0304180898130219,0.0910398983905258
28.0055720278854,4.45748503436682,1.29978186084109,4.45748503436682,1.29978186084109,4.48452814241401,6.3171929084449e-05,4.45748503436682,1.29978186084109,4.42079141960201,0.000299818396683582,0.0208038914336712,0.049033498208278
28.1059504222506,4.46991055884208,1.2999351305715,4.46991055884208,1.2999351305715,4.4845285037417,1.73194438453095e-05,4.46991055884208,1.2999351305715,4.47589689309331,-5.10862024447611e-05,0.0112448099746152,0.00663992119924113
28.2063288166157,4.48234022471892,1.29999701894576,4.48234022471892,1.29999701894576,4.48452855872265,-1.13920458000294e-06,4.48234022471892,1.29999701894576,4.53105358852099,0.000910028714899536,0.00168333464400996,-0.0357972584730051
28.3067072109809,4.49484793214319,1.29996700000981,4.49484793214319,1.29996700000981,4.48452856947898,7.95805725295473e-06,4.49484793214319,1.29996700000981,4.58576833686327,0.00315032830731243,-0.00793805464629425,-0.0779339701680562
28.4070856053461,4.50750800886855,1.29984232921909,4.50750800886855,1.29984232921909,4.484528807172,4.54388206780898e-05,4.50750800886855,1.29984232921909,4.63955898100122,0.00656643415307223,-0.0176772296261829,-0.11943039670088
28.5074639997113,4.52039560350132,1.29961796661565,4.52039560350132,1.29961796661565,4.48452956862823,0.000112819437507516,4.52039560350132,1.29961796661565,4.69196533626816,0.0109893052867482,-0.0275927588000927,-0.159955635967974
28.6078423940765,4.53358708068755,1.29928644564887,4.53358708068755,1.29928644564887,4.48453119461816,0.000212344589983982,4.53358708068755,1.29928644564887,4.74255878683939,0.016192206698358,-0.0377442582657915,-0.199192179310165
28.7082207884417,4.5471604186232,1.29883768448682,4.5471604186232,1.29883768448682,4.48453409080063,0.000347044141859598,4.5471604186232,1.29883768448682,4.79094998569642,0.0219012542028927,-0.0481927511009665,-0.236840123122848
28.8085991828068,4.56119560875716,1.29825873532473,4.56119560875716,1.29825873532473,4.48453875249707,0.000520808627545222,4.56119560875716,1.29825873532473,4.83679431675646,0.0278078893062383,-0.0590010381903623,-0.272621046374383
28.908977577172,4.57577505686812,1.29753346576992,4.57577505686812,1.29753346576992,4.4845457946758,0.000738485165876712,4.57577505686812,1.29753346576992,4.87979499525186,0.0335825659857774,-0.070234083383557,-0.306281505946158
29.0093559715372,4.59098398381878,1.29664216484045,4.59098398381878,1.29664216484045,4.4845559888182,0.00100599604916307,4.59098398381878,1.29664216484045,4.9197039010583,0.0388889235367136,-0.0819594159388787,-0.337596122259275
29.1097343659024,4.60691082320018,1.29556106443049,4.60691082320018,1.29556106443049,4.48457030872233,0.00133048276534597,4.60691082320018,1.29556106443049,4.95632043604071,0.043397767390271,-0.0942475533449036,-0.366370247690999
29.2101127602676,4.6236476117342,1.29426176523838,4.6236476117342,1.29426176523838,4.48458998779746,0.00172047877010773,4.6236476117342,1.29426176523838,4.98948885231839,0.0468002681620934,-0.107172447839119,-0.392442228182604
29.3104911546327,4.64129036663823,1.29271055409432,4.64129036663823,1.29271055409432,4.48461659104118,0.00218611494557686,4.64129036663823,1.29271055409432,5.01909460203096,0.0488198998488101,-0.120811960284436,-0.415685282911929
29.4108695489979,4.6599394420825,1.29086759733366,4.6599394420825,1.29086759733366,4.48465210570686,0.0027393623716514,4.6599394420825,1.29086759733366,5.04506030599257,0.0492227527097358,-0.13524836553874,-0.436009037099495
29.5112479433631,4.67970070495488,1.28868571831765,4.67970070495488,1.28868571831765,4.48469903190514,0.00339417648451734,4.67970070495488,1.28868571831765,5.06733935355618,0.0478246148453252,-0.150569574465467,-0.453358667210768
29.6116263377283,4.70068672764949,1.28610888551784,4.70068672764949,1.28610888551784,4.4847604812322,0.00416666524886677,4.70068672764949,1.28610888551784,5.08591148881955,0.0444962714624417,-0.166870474162052,-0.467714823925051
29.7120047320935,4.72300993383457,1.28307327162296,4.72300993383457,1.28307327162296,4.48484057084343,0.00507665404824964,4.72300993383457,1.28307327162296,5.10080074723617,0.0391785408240239,-0.184247886859912,-0.479110419174697
29.8123831264586,4.74679078073088,1.27950320331154,4.74679078073088,1.27950320331154,4.48494443816502,0.00614681451660171,4.74679078073088,1.27950320331154,5.11204995083512,0.0318711507196041,-0.202807686191386,-0.4876108944743
29.9127615208238,4.77215502669564,1.27531023573112,4.77215502669564,1.27531023573112,4.48507859837979,0.00740364441399199,4.77215502669564,1.27531023573112,5.11973093879495,0.0226367007155763,-0.222663369788395,-0.493321936499361
30.013139915189,4.79923358643077,1.27039111150948,4.79923358643077,1.27039111150948,4.48525131105137,0.00887807917585648,4.79923358643077,1.27039111150948,5.1239472724746,0.0115976327784273,-0.24393689205333,-0.496389689424665
30.1135183095542,4.8253019399553,1.27313337878979,4.8253019399553,1.27313337878979,5.124553324841,0.00804499901389533,4.8253019399553,1.27313337878979,4.48967259983372,0.0172062526994419,0.232276387541077,0.493410535437883
30.2138967039194,4.84948692768201,1.27732506802202,4.84948692768201,1.27732506802202,5.12469351005097,0.00678922160886475,4.84948692768201,1.27732506802202,4.49823776801773,0.0256765439406261,0.213311367742573,0.486903458851835
30.3142750982845,4.87218609057219,1.28092886300724,4.87218609057219,1.28092886300724,5.12480402300775,0.00570959550381112,4.87218609057219,1.28092886300724,4.51046128694117,0.0322675132257615,0.195565703969315,0.477537222589325
30.4146534926497,4.89352018668413,1.28402653144029,4.89352018668413,1.28402653144029,5.12489097170655,0.00478161359300611,4.89352018668413,1.28402653144029,4.52640274649729,0.0369400127453527,0.17893078101965,0.465223752324576
30.5150318870149,4.91360486188166,1.28668818235347,4.91360486188166,1.28668818235347,5.12495920712748,0.00398426455104084,4.91360486188166,1.28668818235347,4.5460923875517,0.0397180218396487,0.163305150852448,0.449914902560247
30.6154102813801,4.9325507178043,1.28897386329534,4.9325507178043,1.28897386329534,5.12501258261461,0.00329955360654877,4.9325507178043,1.28897386329534,4.56953161812055,0.0406881855497321,0.148593813168036,0.431602034547492
30.7157886757453,4.95046347968093,1.29093493394075,4.95046347968093,1.29093493394075,5.12505415965674,0.00271209046001397,4.95046347968093,1.29093493394075,4.59669200402883,0.0399969886313338,0.13470755695975,0.410315414688537
30.8161670701104,4.96744423795851,1.29261524454426,4.96744423795851,1.29261524454426,5.1250863712433,0.00220873579849701,4.96744423795851,1.29261524454426,4.62751293462239,0.0378456605121129,0.121562354356849,0.386123406815348
30.9165454644756,4.98358974362987,1.29405214414962,4.98358974362987,1.29405214414962,5.12511115163875,0.0017782989158861,4.98358974362987,1.29405214414962,4.6618983122028,0.0344829229686661,0.109078799512601,0.35913142381437
31.0169238588408,4.99899274177846,1.29527734025654,4.99899274177846,1.29527734025654,5.12513003958209,0.00141127991536116,4.99899274177846,1.29527734025654,4.69971273465341,0.030195731294006,0.0971815864412108,0.32948059873831
31.117302253206,5.0137423314984,1.29631762872857,5.0137423314984,1.29631762872857,5.12514426047049,0.00109965084944141,5.0137423314984,1.29631762872857,4.7407777249133,0.0252982254337819,0.0857990206246013,0.297346133820606
31.2176806475712,5.02792434321839,1.29719551009447,5.02792434321839,1.29719551009447,5.12515479194517,0.000836670945216111,5.02792434321839,1.29719551009447,4.78486859965088,0.0201191985457603,0.0748625599322521,0.262935288395394
31.3180590419363,5.04162172673511,1.29792970602921,5.04162172673511,1.29792970602921,5.12516241639959,0.000616731774199408,5.04162172673511,1.29792970602921,4.83171255545317,0.0149884993436789,0.0643063809529654,0.226484973968365
31.4184374363015,5.05491494508223,1.29853558767565,5.05491494508223,1.29853558767565,5.12516776322441,0.000435228865479198,5.05491494508223,1.29853558767565,4.88098848015475,0.0102228986137729,0.0540669672496321,0.188258936494614
31.5188158306667,5.06788237082975,1.29902552555394,5.06788237082975,1.29902552555394,5.12517134305187,0.000288456836133655,5.06788237082975,1.29902552555394,4.93232887072726,0.00611205257519787,0.0440827163370283,0.148544521743994
31.6191942250319,5.08060068260039,1.29940916907475,5.08060068260039,1.29940916907475,5.12517357583345,0.000173525633258009,5.08060068260039,1.29940916907475,4.98532406501743,0.00290526775322131,0.0342935623682324,0.107649038455656
31.7195726193971,5.09314526055706,1.29969366209261,5.09314526055706,1.29969366209261,5.12517481425491,8.82959564469932e-05,5.09314526055706,1.29969366209261,5.03952878707709,0.000799796616463899,0.0246406116179758,0.0658957543786662
31.8199510137622,5.10559058039029,1.29988379948039,5.10559058039029,1.29988379948039,5.12517536374566,3.13323669425269e-05,5.10559058039029,1.29988379948039,5.09447078553303,-6.86420198077187e-05,0.0150657878928439,0.0236195805539512
31.9203294081274,5.11801060593233,1.29998212834482,5.11801060593233,1.29998212834482,5.12517550015904,1.87299833687149e-06,5.11801060593233,1.29998212834482,5.14966113603405,0.00036747624818112,0.0055114850006642,-0.0188374825157881
32.0207078024926,5.13047918095234,1.29998899621154,5.13047918095234,1.29998899621154,5.12517548607918,-1.84828327087772e-07,5.13047918095234,1.29998899621154,5.20460560754136,0.00210407339243468,-0.00407977660472601,-0.0611310485800898
32.1210861968578,5.14307042094293,1.29990254725983,5.14307042094293,1.29990254725983,5.12517558664055,2.57165926713654e-05,5.14307042094293,1.29990254725983,5.25881638003054,0.00506554093243294,-0.0137656919048599,-0.102919101582041
32.221464591223,5.15585910579124,1.29971866645868,5.15585910579124,1.29971866645868,5.12517608572501,8.0812177876588e-05,5.15585910579124,1.29971866645868,5.31182336294194,0.00910828741649006,-0.0236045150337236,-0.14386670285105
32.3218429855881,5.16892107413473,1.2994308702224,5.16892107413473,1.2994308702224,5.1251773034275,0.000167046926948577,5.16892107413473,1.2994308702224,5.36318440464945,0.0140275255802109,-0.0336554075344101,-0.183650551701983
32.4222213799533,5.18233361993436,1.29903014094331,5.18233361993436,1.29903014094331,5.1251796157558,0.000287125637218555,5.18233361993436,1.29903014094331,5.41249379787204,0.0195668579641948,-0.043978794043823,-0.221963310855611
32.5225997743185,5.19617589135532,1.2985047014459,5.19617589135532,1.2985047014459,5.12518347765818,0.000444580651241866,5.19617589135532,1.2985047014459,5.45938865922198,0.0254300615162697,-0.054636728280015,-0.258517622545165
32.6229781686837,5.21052929142748,1.29783972401657,5.21052929142748,1.29783972401657,5.12518945066011,0.000643859246024059,5.21052929142748,1.29783972401657,5.50355297088953,0.0312943741476728,-0.0656932722114947,-0.293049759382542
32.7233565630489,5.22547787915658,1.29701696716921,5.22547787915658,1.29701696716921,5.12519823664994,0.000890432721765144,5.22547787915658,1.29701696716921,5.54471929348302,0.0368245535359348,-0.0772148913319697,-0.325322874287746
32.8237349574141,5.24110876875375,1.29601433168193,5.24110876875375,1.29601433168193,5.12521071969661,0.00119092973680224,5.24110876875375,1.29601433168193,5.58266836666273,0.0416870055520004,-0.0892708690698252,-0.355129834205732
32.9241133517792,5.2575125234122,1.29480532565404,5.2575125234122,1.29480532565404,5.12522801822948,0.00155329697263329,5.2575125234122,1.29480532565404,5.61722698785906,0.0455633538696651,-0.101933743551187,-0.382295641228106
33.0244917461444,5.27478353852916,1.29335842635658,5.27478353852916,1.29335842635658,5.12525155048664,0.00198699080752029,5.27478353852916,1.29335842635658,5.64826468468459,0.0481629262577346,-0.115279770229917,-0.406679460670877
33.1248701405096,5.29302040737046,1.291636324453,5.29302040737046,1.291636324453,5.12528311687429,0.00250320433816298,5.29302040737046,1.291636324453,5.67568976622844,0.0492337480747791,-0.129389414317626,-0.428176287604264
33.2252485348748,5.31232625979359,1.28959503372104,5.31232625979359,1.28959503372104,5.12532500381927,0.00311513482481751,5.31232625979359,1.28959503372104,5.69944535128297,0.0485717426404713,-0.144347877512918,-0.446718290721442
33.32562692924,5.33280906164072,1.28718284668809,5.33280906164072,1.28718284668809,5.12538011489006,0.00383829745358155,5.33280906164072,1.28718284668809,5.71950593175765,0.0460279286211389,-0.160245664265477,-0.462275875173599
33.4260053236051,5.35458185860009,1.28433911357986,5.35458185860009,1.28433911357986,5.12545213647806,0.00469089221576602,5.35458185860009,1.28433911357986,5.73587494439344,0.0415134690398868,-0.177179193746961,-0.474858504426386
33.5263837179703,5.37776294347854,1.28099281867105,5.37776294347854,1.28099281867105,5.12554574725513,0.00569423170045491,5.37776294347854,1.28099281867105,5.74858370229716,0.0350024636404926,-0.19525146487614,-0.484515316017931
33.6267621123355,5.40247591963304,1.27706092452538,5.40247591963304,1.27706092452538,5.12566688306754,0.00687323867903622,5.40247591963304,1.27706092452538,5.75769188901682,0.0265323902268839,-0.214572783212384,-0.49133555833295
33.7271405067007,5.4288496253989,1.27244645076049,5.4288496253989,1.27244645076049,5.12582307202921,0.00825702351752833,5.4288496253989,1.27244645076049,5.76328965087444,0.0162020997841668,-0.235261560360015,-0.495448866396661
33.8275189010659,5.45584711434386,1.27127827946047,5.45584711434386,1.27127827946047,5.63517613790221,-0.0162935054546942,5.45584711434386,1.27127827946047,5.25743800420144,-0.0134916707689492,0.138386684313661,0.291607895797679
33.927897295431,5.48065913661097,1.27572959267061,5.48065913661097,1.27572959267061,5.76528771831803,0.00727124866579532,5.48065913661097,1.27572959267061,5.13499075627773,0.0225283435339032,0.220733169749187,0.489869288962231
34.0282756897962,5.50393581599405,1.27955688711913,5.50393581599405,1.27955688711913,5.76540943880582,0.00612391103688603,5.50393581599405,1.27955688711913,5.1457435451212,0.0298776094294702,0.202514988446873,0.481658605726943
34.1286540841614,5.52579993712153,1.28284705384446,5.52579993712153,1.28284705384446,5.76550528240118,0.00513763952351409,5.52579993712153,1.28284705384446,5.16019449972268,0.0353164273088178,0.185449889034196,0.470530648192072
34.2290324785266,5.54636917899906,1.28567462378518,5.54636917899906,1.28567462378518,5.76558057717874,0.00429007459313668,5.54636917899906,1.28567462378518,5.17838537337139,0.0388434729087812,0.169433666653095,0.45642142064195
34.3294108728918,5.56575613486321,1.28810346206298,5.56575613486321,1.28810346206298,5.76563955487405,0.00356205813519739,5.56575613486321,1.28810346206298,5.2003290697189,0.0405205750129796,0.154368841726829,0.439306623618728
34.4297892672569,5.5840684441009,1.29018822645072,5.5840684441009,1.29018822645072,5.76568557710385,0.00293719537722503,5.5840684441009,1.29018822645072,5.2260092278269,0.0404708193377192,0.140163978524431,0.419201126431687
34.5301676616221,5.60140900745463,1.29197561989267,5.60140900745463,1.29197561989267,5.76572131489011,0.00240147870293739,5.60140900745463,1.29197561989267,5.25537838277447,0.0388743443432957,0.126733059253106,0.396158245201568
34.6305460559873,5.61787626324083,1.29350546333765,5.61787626324083,1.29350546333765,5.76574889122294,0.00194296547172979,5.61787626324083,1.29350546333765,5.28835499436442,0.0359619319407931,0.113994905905161,0.370268794778705
34.7309244503525,5.6335645074075,1.29481161181893,5.6335645074075,1.29481161181893,5.76576999437186,0.00155150294040007,5.6335645074075,1.29481161181893,5.32481976926388,0.0320065252483137,0.101872643340462,0.341659876378286
34.8313028447177,5.64856424425833,1.29592273368126,5.64856424425833,1.29592273368126,5.76578596805777,0.00121849430089882,5.64856424425833,1.29592273368126,5.364611801799,0.0273128604651578,0.0902931980891351,0.310493359520191
34.9316812390828,5.66296255782022,1.29686297011351,5.66296255782022,1.29686297011351,5.76579788333991,0.000936700673280777,5.66296255782022,1.29686297011351,5.40752511642664,0.0222054813996548,0.0791868281544468,0.276964017680492
35.032059633448,5.6768434963231,1.2976524896771,5.6768434963231,1.2976524896771,5.76580659608038,0.000700074635754833,5.6768434963231,1.2976524896771,5.45330620255348,0.0170155082127366,0.0684866797140886,0.241297282452408
35.1324380278132,5.69028846424703,1.29830795030375,5.69028846424703,1.29830795030375,5.76581279306978,0.000503621540793642,5.69028846424703,1.29830795030375,5.50165308440704,0.0120666457762455,0.0581283670842937,0.203746591064396
35.2328164221784,5.70337661798829,1.29884287924221,5.70337661798829,1.29884287924221,5.76581702928642,0.000343285466025245,5.70337661798829,1.29884287924221,5.55221636401311,0.0076610262028507,0.0480495726463978,0.164590316443915
35.3331948165436,5.71618526248964,1.29926797963425,5.71618526248964,1.29926797963425,5.76581975828515,0.000215857189920454,5.71618526248964,1.29926797963425,5.604602518905,0.0040655663666882,0.0381896636593566,0.124128286807841
35.4335732109087,5.72879024723112,1.29959137076435,5.72879024723112,1.29959137076435,5.76582135734456,0.000118902074163207,5.72879024723112,1.29959137076435,5.65837953975856,0.00149956650965288,0.0284893230145651,0.0826779217307968
35.5339516052739,5.74126636082594,1.29981876752637,5.74126636082594,1.29981876752637,5.76582214872144,5.07061858696645e-05,5.74126636082594,1.29981876752637,5.71308477511826,0.000124265642557297,0.0188901910523616,0.040570032174777
35.6343299996391,5.75368772413226,1.29995360325568,5.75368772413226,1.29995360325568,5.76582241815541,1.02394121022087e-05,5.75368772413226,1.29995360325568,5.76823463415547,3.4995261791515e-05,0.00933451557489377,-0.00185564874904391
35.7347083940043,5.76612818228681,1.29999709875932,5.76612818228681,1.29999709875932,5.76582243162222,-2.86528549597875e-06,5.76612818228681,1.29999709875932,5.82333560944609,0.00125643554829735,-0.000235192821080752,-0.0442551212759915
35.8350867883695,5.7786616963897,1.29994827911424,5.7786616963897,1.29994827911424,5.76582245124408,1.16830511542876e-05,5.7786616963897,1.29994827911424,5.87789594380126,0.00374128787377748,-0.00987650298668438,-0.0862848661246137
35.9354651827347,5.79136273572164,1.29980393857038,5.79136273572164,1.29980393857038,5.76582275122486,5.48438632876902e-05,5.79136273572164,1.29980393857038,5.93143719631922,0.00737245276995346,-0.0196474059466461,-0.127606582852548
36.0358435770998,5.80430667135105,1.29955855266642,5.80430667135105,1.29955855266642,5.76582363468438,0.000128271393546209,5.80430667135105,1.29955855266642,5.98350497231637,0.011968567876568,-0.029606661015922,-0.16789181959675
36.136221971465,5.81757017179005,1.29920413541914,5.81757017179005,1.29920413541914,5.76582545232075,0.000234357476999847,5.81757017179005,1.29920413541914,6.03367816841986,0.017292541824379,-0.0398141482023153,-0.206826401284235
36.2366003658302,5.83123160098451,1.29873003815733,5.83123160098451,1.29873003815733,5.76582862393471,0.000376291833541265,5.83123160098451,1.29873003815733,6.08157623635786,0.0230625409074472,-0.0503312297740256,-0.244114575943841
36.3369787601954,5.84537141837546,1.29812268521496,5.84537141837546,1.29812268521496,5.7658336640124,0.00055814129782128,5.84537141837546,1.29812268521496,6.12686416716192,0.0289647626613259,-0.0612211238661662,-0.27948281566517
36.4373571545606,5.86007258004136,1.29736524024778,5.86007258004136,1.29736524024778,5.76584121279064,0.000784949858452455,5.86007258004136,1.29736524024778,6.16925511708383,0.0346672720907102,-0.0725492930263679,-0.312683228392389
36.5377355489257,5.8754209390105,1.29643719536821,5.8754209390105,1.29643719536821,5.7658520745352,0.0010628618500621,5.8754209390105,1.29643719536821,6.2085108121919,0.0398341807355087,-0.0843838506784892,-0.343496557292431
36.6381139432909,5.89150564169175,1.29531387357374,5.89150564169175,1.29531387357374,5.76586726516429,0.00139927115843719,5.89150564169175,1.29531387357374,6.24444005784143,0.044139506070515,-0.0967959886375342,-0.371734764113771
36.7384923376561,5.90841951596411,1.29396583304663,5.90841951596411,1.29396583304663,5.76588807186872,0.00180299986960342,5.90841951596411,1.29396583304663,6.27689582501615,0.0472801430399685,-0.109860429059597,-0.397243210192353
36.8388707320213,5.92625944472139,1.29235815979669,5.92625944472139,1.29235815979669,5.76591612804626,0.00228451042715583,5.92625944472139,1.29235815979669,6.30577147773483,0.0489874922972451,-0.123655904578699,-0.419902462368415
36.9392491263865,5.94512671649098,1.29044963277421,5.94512671649098,1.29044963277421,5.76595350771747,0.00285615606744782,5.94512671649098,1.29044963277421,6.33099674090648,0.0490374029900904,-0.13826567088825,-0.439629760300672
37.0396275207516,5.9651273420049,1.28819174297206,5.9651273420049,1.28819174297206,5.76600284467144,0.00353247508749877,5.9651273420049,1.28819174297206,6.35253398845435,0.0472581870204163,-0.153778056691125,-0.456380186223909
37.1400059151168,5.9863723221309,1.28552754514056,5.9863723221309,1.28552754514056,5.76606748296338,0.00433053537221006,5.9863723221309,1.28552754514056,6.37037536344565,0.0435365370165053,-0.170287056796055,-0.470147578265485
37.240384309482,6.0089778481559,1.28239031754581,6.0089778481559,1.28239031754581,5.76615166713009,0.00527033656969755,6.0089778481559,1.28239031754581,6.38454113379744,0.0378212280702057,-0.187892975214143,-0.480965224586528
37.3407627038472,6.03306540978459,1.27870200171235,6.03306540978459,1.27870200171235,5.76626078270279,0.0063752783555926,6.03306540978459,1.27870200171235,6.3950795480937,0.0301245056536072,-0.20670312645442,-0.488906368745773
37.4411410982124,6.05876177902827,1.27437139033234,6.05876177902827,1.27437139033234,5.76640166040805,0.00767270436145684,6.05876177902827,1.27437139033234,6.40206829527362,0.0205210659700275,-0.226832604894202,-0.494084547958563
37.5415194925775,6.08614590019868,1.26931669495698,6.08614590019868,1.26931669495698,5.76658605472005,0.00920499151253162,6.08614590019868,1.26931669495698,6.40570574567731,0.0092049915125314,-0.248360675595799,-0.496721351191598
