cycle,time_point,kinetic_energy,potential_energy,total_energy,energy_rate_of_change,cumulative_energy_loss
1,0.0000000000,602.9186186611,401.9457457741,1004.8643644351,0.0000000000,1.1426574698
1,0.0505050505,602.9186186611,401.9457457741,1004.8643644351,0.0000000000,1.1426574698
1,0.1010101010,602.9186186611,401.9457457741,1004.8643644351,0.0000000000,1.1426574698
1,0.1515151515,602.9186186611,401.9457457741,1004.8643644351,0.0000000000,1.1426574698
1,0.2020202020,602.9186186611,401.9457457741,1004.8643644351,0.0000000000,1.1426574698
1,0.2525252525,602.9186186611,401.9457457741,1004.8643644351,0.0000000000,1.1426574698
1,0.3030303030,602.9186186611,401.9457457741,1004.8643644351,0.0000000000,1.1426574698
1,0.3535353535,602.9186186611,401.9457457741,1004.8643644351,0.0000000000,1.1426574698
1,0.4040404040,602.9186186611,401.9457457741,1004.8643644351,0.0000000000,1.1426574698
1,0.4545454545,602.9186186611,401.9457457741,1004.8643644351,0.0000000000,1.1426574698
1,0.5050505051,602.9186186611,401.9457457741,1004.8643644351,0.0000000000,1.1426574698
1,0.5555555556,602.9186186611,401.9457457741,1004.8643644351,0.0000000000,1.1426574698
1,0.6060606061,602.9186186611,401.9457457741,1004.8643644351,0.0000000000,1.1426574698
1,0.6565656566,602.9186186611,401.9457457741,1004.8643644351,0.0000000000,1.1426574698
1,0.7070707071,602.9186186611,401.9457457741,1004.8643644351,0.0000000000,1.1426574698
1,0.7575757576,602.9186186611,401.9457457741,1004.8643644351,0.0000000000,1.1426574698
1,0.8080808081,602.9186186611,401.9457457741,1004.8643644351,0.0000000000,1.1426574698
1,0.8585858586,602.9186186611,401.9457457741,1004.8643644351,0.0000000000,1.1426574698
1,0.9090909091,602.9186186611,401.9457457741,1004.8643644351,0.0000000000,1.1426574698
1,0.9595959596,602.9186186611,401.9457457741,1004.8643644351,0.0000000000,1.1426574698
1,1.0101010101,602.9186186611,401.9457457741,1004.8643644351,0.0000000000,1.1426574698
1,1.0606060606,602.9186186611,401.9457457741,1004.8643644351,0.0000000000,1.1426574698
1,1.0677451690,602.9186186611,401.9457457741,1004.8643644351,0.0000000000,1.1426574698
1,1.1182502195,603.6042131430,402.4028087620,1006.0070219049,22.6246179018,1.1426574698
1,1.1687552700,603.6042131430,402.4028087620,1006.0070219049,0.0000000000,1.1426574698
1,1.2192603206,603.6042131430,402.4028087620,1006.0070219049,0.0000000000,1.1426574698
1,1.2697653711,603.6042131430,402.4028087620,1006.0070219049,0.0000000000,1.1426574698
1,1.3202704216,603.6042131430,402.4028087620,1006.0070219049,0.0000000000,1.1426574698
1,1.3707754721,603.6042131430,402.4028087620,1006.0070219049,0.0000000000,1.1426574698
1,1.4212805226,603.6042131430,402.4028087620,1006.0070219049,0.0000000000,1.1426574698
1,1.4717855731,603.6042131430,402.4028087620,1006.0070219049,0.0000000000,1.1426574698
1,1.5222906236,603.6042131430,402.4028087620,1006.0070219049,0.0000000000,1.1426574698
1,1.5727956741,603.6042131430,402.4028087620,1006.0070219049,0.0000000000,1.1426574698
1,1.6233007246,603.6042131430,402.4028087620,1006.0070219049,0.0000000000,1.1426574698
1,1.6738057751,603.6042131430,402.4028087620,1006.0070219049,0.0000000000,1.1426574698
1,1.7243108256,603.6042131430,402.4028087620,1006.0070219049,0.0000000000,1.1426574698
1,1.7748158761,603.6042131430,402.4028087620,1006.0070219049,0.0000000000,1.1426574698
1,1.8253209266,603.6042131430,402.4028087620,1006.0070219049,0.0000000000,1.1426574698
1,1.8758259771,603.6042131430,402.4028087620,1006.0070219049,0.0000000000,1.1426574698
1,1.9263310276,603.6042131430,402.4028087620,1006.0070219049,0.0000000000,1.1426574698
1,1.9768360781,603.6042131430,402.4028087620,1006.0070219049,0.0000000000,1.1426574698
1,2.0273411286,603.6042131430,402.4028087620,1006.0070219049,0.0000000000,1.1426574698
1,2.0778461791,603.6042131430,402.4028087620,1006.0070219049,0.0000000000,1.1426574698
1,2.1283512296,603.6042131430,402.4028087620,1006.0070219049,0.0000000000,1.1426574698
1,2.1788562801,603.6042131430,402.4028087620,1006.0070219049,0.0000000000,1.1426574698
1,2.2293613307,603.6042131430,402.4028087620,1006.0070219049,0.0000000000,1.1426574698
1,2.2798663812,603.6042131430,402.4028087620,1006.0070219049,0.0000000000,1.1426574698
1,2.3303714317,603.6042131430,402.4028087620,1006.0070219049,0.0000000000,1.1426574698
1,2.3808764822,603.6042131430,402.4028087620,1006.0070219049,0.0000000000,1.1426574698
1,2.4313815327,603.6042131430,402.4028087620,1006.0070219049,0.0000000000,1.1426574698
1,2.4818865832,603.6042131430,402.4028087620,1006.0070219049,0.0000000000,1.1426574698
1,2.5323916337,603.6042131430,402.4028087620,1006.0070219049,0.0000000000,1.1426574698
1,2.5828966842,603.6042131430,402.4028087620,1006.0070219049,0.0000000000,1.1426574698
1,2.6334017347,603.6042131430,402.4028087620,1006.0070219049,0.0000000000,1.1426574698
1,2.6839067852,603.6042131430,402.4028087620,1006.0070219049,0.0000000000,1.1426574698
1,2.7344118357,603.6042131430,402.4028087620,1006.0070219049,0.0000000000,1.1426574698
1,2.7849168862,603.6042131430,402.4028087620,1006.0070219049,0.0000000000,1.1426574698
1,2.8354219367,603.6042131430,402.4028087620,1006.0070219049,0.0000000000,1.1426574698
1,2.8859269872,603.6042131430,402.4028087620,1006.0070219049,0.0000000000,1.1426574698
1,2.9364320377,603.6042131430,402.4028087620,1006.0070219049,0.0000000000,1.1426574698
1,2.9869370882,603.6042131430,402.4028087620,1006.0070219049,0.0000000000,1.1426574698
1,3.0374421387,603.6042131430,402.4028087620,1006.0070219049,0.0000000000,1.1426574698
1,3.0879471892,603.6042131430,402.4028087620,1006.0070219049,0.0000000000,1.1426574698
1,3.1384522397,603.6042131430,402.4028087620,1006.0070219049,0.0000000000,1.1426574698
1,3.1889572902,603.6042131430,402.4028087620,1006.0070219049,0.0000000000,1.1426574698
1,3.2394623408,603.6042131430,402.4028087620,1006.0070219049,0.0000000000,1.1426574698
1,3.2899673913,603.6042131430,402.4028087620,1006.0070219049,0.0000000000,1.1426574698
1,3.3121406374,603.6042131430,402.4028087620,1006.0070219049,0.0000000000,1.1426574698
2,3.3121406374,599.4517280208,399.6344853472,999.0862133681,0.0000000000,2.4430326217
2,3.3626456879,599.4517280208,399.6344853472,999.0862133681,0.0000000000,2.4430326217
2,3.4131507384,599.4517280208,399.6344853472,999.0862133681,0.0000000000,2.4430326217
2,3.4636557889,599.4517280208,399.6344853472,999.0862133681,0.0000000000,2.4430326217
2,3.5141608394,599.4517280208,399.6344853472,999.0862133681,0.0000000000,2.4430326217
2,3.5646658899,599.4517280208,399.6344853472,999.0862133681,0.0000000000,2.4430326217
2,3.6151709404,599.4517280208,399.6344853472,999.0862133681,0.0000000000,2.4430326217
2,3.6656759909,599.4517280208,399.6344853472,999.0862133681,0.0000000000,2.4430326217
2,3.7161810414,599.4517280208,399.6344853472,999.0862133681,0.0000000000,2.4430326217
2,3.7666860920,599.4517280208,399.6344853472,999.0862133681,0.0000000000,2.4430326217
2,3.8171911425,599.4517280208,399.6344853472,999.0862133681,0.0000000000,2.4430326217
2,3.8472587845,599.4517280208,399.6344853472,999.0862133681,0.0000000000,2.4430326217
2,3.8977638350,600.2319531120,400.1546354080,1000.3865885200,25.7474280079,2.4430326217
2,3.9482688855,600.2319531120,400.1546354080,1000.3865885200,0.0000000000,2.4430326217
2,3.9987739360,600.2319531120,400.1546354080,1000.3865885200,0.0000000000,2.4430326217
2,4.0492789865,600.2319531120,400.1546354080,1000.3865885200,0.0000000000,2.4430326217
2,4.0997840370,600.2319531120,400.1546354080,1000.3865885200,0.0000000000,2.4430326217
2,4.1502890875,600.2319531120,400.1546354080,1000.3865885200,0.0000000000,2.4430326217
2,4.2007941380,600.2319531120,400.1546354080,1000.3865885200,-0.0000000000,2.4430326217
2,4.2512991885,600.2319531120,400.1546354080,1000.3865885200,0.0000000000,2.4430326217
2,4.3018042390,600.2319531120,400.1546354080,1000.3865885200,0.0000000000,2.4430326217
2,4.3523092895,600.2319531120,400.1546354080,1000.3865885200,0.0000000000,2.4430326217
2,4.4028143400,600.2319531120,400.1546354080,1000.3865885200,0.0000000000,2.4430326217
2,4.4533193905,600.2319531120,400.1546354080,1000.3865885200,0.0000000000,2.4430326217
2,4.5038244410,600.2319531120,400.1546354080,1000.3865885200,0.0000000000,2.4430326217
2,4.5543294916,600.2319531120,400.1546354080,1000.3865885200,0.0000000000,2.4430326217
2,4.6048345421,600.2319531120,400.1546354080,1000.3865885200,-0.0000000000,2.4430326217
2,4.6553395926,600.2319531120,400.1546354080,1000.3865885200,0.0000000000,2.4430326217
2,4.7058446431,600.2319531120,400.1546354080,1000.3865885200,0.0000000000,2.4430326217
2,4.7563496936,600.2319531120,400.1546354080,1000.3865885200,0.0000000000,2.4430326217
2,4.8068547441,600.2319531120,400.1546354080,1000.3865885200,0.0000000000,2.4430326217
2,4.8573597946,600.2319531120,400.1546354080,1000.3865885200,0.0000000000,2.4430326217
2,4.9078648451,600.2319531120,400.1546354080,1000.3865885200,0.0000000000,2.4430326217
2,4.9583698956,600.2319531120,400.1546354080,1000.3865885200,0.0000000000,2.4430326217
2,5.0088749461,600.2319531120,400.1546354080,1000.3865885200,0.0000000000,2.4430326217
2,5.0593799966,600.2319531120,400.1546354080,1000.3865885200,0.0000000000,2.4430326217
2,5.1098850471,600.2319531120,400.1546354080,1000.3865885200,0.0000000000,2.4430326217
2,5.1603900976,600.2319531120,400.1546354080,1000.3865885200,0.0000000000,2.4430326217
2,5.2108951481,600.2319531120,400.1546354080,1000.3865885200,0.0000000000,2.4430326217
2,5.2614001986,600.2319531120,400.1546354080,1000.3865885200,0.0000000000,2.4430326217
2,5.3119052491,600.2319531120,400.1546354080,1000.3865885200,0.0000000000,2.4430326217
2,5.3624102996,600.2319531120,400.1546354080,1000.3865885200,0.0000000000,2.4430326217
2,5.4129153501,600.2319531120,400.1546354080,1000.3865885200,0.0000000000,2.4430326217
2,5.4634204006,600.2319531120,400.1546354080,1000.3865885200,0.0000000000,2.4430326217
2,5.5139254511,600.2319531120,400.1546354080,1000.3865885200,0.0000000000,2.4430326217
2,5.5644305017,600.2319531120,400.1546354080,1000.3865885200,0.0000000000,2.4430326217
2,5.6149355522,600.2319531120,400.1546354080,1000.3865885200,0.0000000000,2.4430326217
2,5.6566803155,600.2319531120,400.1546354080,1000.3865885200,0.0000000000,2.4430326217
3,5.6566803155,601.5401260543,401.0267507029,1002.5668767571,0.0000000000,3.9770396343
3,5.7071853660,601.5401260543,401.0267507029,1002.5668767571,0.0000000000,3.9770396343
3,5.7576904165,601.5401260543,401.0267507029,1002.5668767571,0.0000000000,3.9770396343
3,5.8081954670,601.5401260543,401.0267507029,1002.5668767571,0.0000000000,3.9770396343
3,5.8587005175,601.5401260543,401.0267507029,1002.5668767571,0.0000000000,3.9770396343
3,5.9092055681,601.5401260543,401.0267507029,1002.5668767571,0.0000000000,3.9770396343
3,5.9597106186,601.5401260543,401.0267507029,1002.5668767571,0.0000000000,3.9770396343
3,6.0102156691,601.5401260543,401.0267507029,1002.5668767571,0.0000000000,3.9770396343
3,6.0607207196,601.5401260543,401.0267507029,1002.5668767571,0.0000000000,3.9770396343
3,6.1112257701,601.5401260543,401.0267507029,1002.5668767571,0.0000000000,3.9770396343
3,6.1617308206,601.5401260543,401.0267507029,1002.5668767571,0.0000000000,3.9770396343
3,6.2122358711,601.5401260543,401.0267507029,1002.5668767571,0.0000000000,3.9770396343
3,6.2627409216,601.5401260543,401.0267507029,1002.5668767571,0.0000000000,3.9770396343
3,6.3132459721,601.5401260543,401.0267507029,1002.5668767571,0.0000000000,3.9770396343
3,6.3637510226,601.5401260543,401.0267507029,1002.5668767571,0.0000000000,3.9770396343
3,6.4142560731,601.5401260543,401.0267507029,1002.5668767571,0.0000000000,3.9770396343
3,6.4647611236,601.5401260543,401.0267507029,1002.5668767571,0.0000000000,3.9770396343
3,6.5152661741,601.5401260543,401.0267507029,1002.5668767571,0.0000000000,3.9770396343
3,6.5657712246,601.5401260543,401.0267507029,1002.5668767571,0.0000000000,3.9770396343
3,6.6162762751,601.5401260543,401.0267507029,1002.5668767571,0.0000000000,3.9770396343
3,6.6667813256,601.5401260543,401.0267507029,1002.5668767571,0.0000000000,3.9770396343
3,6.7172863761,601.5401260543,401.0267507029,1002.5668767571,0.0000000000,3.9770396343
3,6.7677914266,601.5401260543,401.0267507029,1002.5668767571,0.0000000000,3.9770396343
3,6.8182964771,601.5401260543,401.0267507029,1002.5668767571,0.0000000000,3.9770396343
3,6.8688015276,601.5401260543,401.0267507029,1002.5668767571,0.0000000000,3.9770396343
3,6.9193065782,601.5401260543,401.0267507029,1002.5668767571,0.0000000000,3.9770396343
3,6.9698116287,601.5401260543,401.0267507029,1002.5668767571,0.0000000000,3.9770396343
3,7.0203166792,601.5401260543,401.0267507029,1002.5668767571,0.0000000000,3.9770396343
3,7.0708217297,601.5401260543,401.0267507029,1002.5668767571,0.0000000000,3.9770396343
3,7.1213267802,601.5401260543,401.0267507029,1002.5668767571,0.0000000000,3.9770396343
3,7.1718318307,601.5401260543,401.0267507029,1002.5668767571,0.0000000000,3.9770396343
3,7.2223368812,601.5401260543,401.0267507029,1002.5668767571,0.0000000000,3.9770396343
3,7.2728419317,601.5401260543,401.0267507029,1002.5668767571,0.0000000000,3.9770396343
3,7.3233469822,601.5401260543,401.0267507029,1002.5668767571,0.0000000000,3.9770396343
3,7.3738520327,601.5401260543,401.0267507029,1002.5668767571,0.0000000000,3.9770396343
3,7.4243570832,601.5401260543,401.0267507029,1002.5668767571,0.0000000000,3.9770396343
3,7.4748621337,601.5401260543,401.0267507029,1002.5668767571,0.0000000000,3.9770396343
3,7.5253671842,601.5401260543,401.0267507029,1002.5668767571,0.0000000000,3.9770396343
3,7.5758722347,601.5401260543,401.0267507029,1002.5668767571,0.0000000000,3.9770396343
3,7.6263772852,601.5401260543,401.0267507029,1002.5668767571,0.0000000000,3.9770396343
3,7.6768823357,601.5401260543,401.0267507029,1002.5668767571,0.0000000000,3.9770396343
3,7.7273873862,601.5401260543,401.0267507029,1002.5668767571,0.0000000000,3.9770396343
3,7.7778924367,601.5401260543,401.0267507029,1002.5668767571,0.0000000000,3.9770396343
3,7.8283974872,601.5401260543,401.0267507029,1002.5668767571,0.0000000000,3.9770396343
3,7.8704670905,601.5401260543,401.0267507029,1002.5668767571,0.0000000000,3.9770396343
3,7.9209721410,602.4605302618,401.6403535079,1004.1008837697,30.3733388488,3.9770396343
3,7.9714771915,602.4605302618,401.6403535079,1004.1008837697,0.0000000000,3.9770396343
3,8.0219822420,602.4605302618,401.6403535079,1004.1008837697,0.0000000000,3.9770396343
3,8.0724872925,602.4605302618,401.6403535079,1004.1008837697,0.0000000000,3.9770396343
3,8.1229923431,602.4605302618,401.6403535079,1004.1008837697,0.0000000000,3.9770396343
3,8.1734973936,602.4605302618,401.6403535079,1004.1008837697,0.0000000000,3.9770396343
3,8.2240024441,602.4605302618,401.6403535079,1004.1008837697,0.0000000000,3.9770396343
3,8.2745074946,602.4605302618,401.6403535079,1004.1008837697,0.0000000000,3.9770396343
3,8.3250125451,602.4605302618,401.6403535079,1004.1008837697,0.0000000000,3.9770396343
3,8.3755175956,602.4605302618,401.6403535079,1004.1008837697,0.0000000000,3.9770396343
3,8.4260226461,602.4605302618,401.6403535079,1004.1008837697,0.0000000000,3.9770396343
3,8.4765276966,602.4605302618,401.6403535079,1004.1008837697,0.0000000000,3.9770396343
3,8.5270327471,602.4605302618,401.6403535079,1004.1008837697,0.0000000000,3.9770396343
3,8.5775377976,602.4605302618,401.6403535079,1004.1008837697,0.0000000000,3.9770396343
3,8.6280428481,602.4605302618,401.6403535079,1004.1008837697,0.0000000000,3.9770396343
3,8.6785478986,602.4605302618,401.6403535079,1004.1008837697,0.0000000000,3.9770396343
3,8.7290529491,602.4605302618,401.6403535079,1004.1008837697,0.0000000000,3.9770396343
3,8.7795579996,602.4605302618,401.6403535079,1004.1008837697,0.0000000000,3.9770396343
3,8.8300630501,602.4605302618,401.6403535079,1004.1008837697,0.0000000000,3.9770396343
3,8.8805681006,602.4605302618,401.6403535079,1004.1008837697,0.0000000000,3.9770396343
3,8.9310731511,602.4605302618,401.6403535079,1004.1008837697,0.0000000000,3.9770396343
3,8.9815782016,602.4605302618,401.6403535079,1004.1008837697,0.0000000000,3.9770396343
3,9.0320832521,602.4605302618,401.6403535079,1004.1008837697,0.0000000000,3.9770396343
3,9.0825883026,602.4605302618,401.6403535079,1004.1008837697,0.0000000000,3.9770396343
3,9.1330933532,602.4605302618,401.6403535079,1004.1008837697,0.0000000000,3.9770396343
3,9.1835984037,602.4605302618,401.6403535079,1004.1008837697,0.0000000000,3.9770396343
3,9.2341034542,602.4605302618,401.6403535079,1004.1008837697,0.0000000000,3.9770396343
3,9.2846085047,602.4605302618,401.6403535079,1004.1008837697,0.0000000000,3.9770396343
3,9.3351135552,602.4605302618,401.6403535079,1004.1008837697,0.0000000000,3.9770396343
3,9.3856186057,602.4605302618,401.6403535079,1004.1008837697,0.0000000000,3.9770396343
3,9.4361236562,602.4605302618,401.6403535079,1004.1008837697,0.0000000000,3.9770396343
3,9.4866287067,602.4605302618,401.6403535079,1004.1008837697,0.0000000000,3.9770396343
3,9.5371337572,602.4605302618,401.6403535079,1004.1008837697,0.0000000000,3.9770396343
3,9.5876388077,602.4605302618,401.6403535079,1004.1008837697,0.0000000000,3.9770396343
3,9.6381438582,602.4605302618,401.6403535079,1004.1008837697,0.0000000000,3.9770396343
3,9.6886489087,602.4605302618,401.6403535079,1004.1008837697,0.0000000000,3.9770396343
3,9.7391539592,602.4605302618,401.6403535079,1004.1008837697,0.0000000000,3.9770396343
3,9.7896590097,602.4605302618,401.6403535079,1004.1008837697,0.0000000000,3.9770396343
3,9.8401640602,602.4605302618,401.6403535079,1004.1008837697,0.0000000000,3.9770396343
3,9.8906691107,602.4605302618,401.6403535079,1004.1008837697,0.0000000000,3.9770396343
3,9.9411741612,602.4605302618,401.6403535079,1004.1008837697,0.0000000000,3.9770396343
3,9.9916792117,602.4605302618,401.6403535079,1004.1008837697,0.0000000000,3.9770396343
3,10.0421842622,602.4605302618,401.6403535079,1004.1008837697,0.0000000000,3.9770396343
3,10.0926893127,602.4605302618,401.6403535079,1004.1008837697,0.0000000000,3.9770396343
3,10.1431943633,602.4605302618,401.6403535079,1004.1008837697,0.0000000000,3.9770396343
3,10.1689492351,602.4605302618,401.6403535079,1004.1008837697,0.0000000000,3.9770396343
4,10.1689492351,600.0251577400,400.0167718267,1000.0419295667,0.0000000000,5.0281657421
4,10.2194542856,600.0251577400,400.0167718267,1000.0419295667,0.0000000000,5.0281657421
4,10.2699593361,600.0251577400,400.0167718267,1000.0419295667,0.0000000000,5.0281657421
4,10.3204643866,600.0251577400,400.0167718267,1000.0419295667,0.0000000000,5.0281657421
4,10.3709694371,600.0251577400,400.0167718267,1000.0419295667,0.0000000000,5.0281657421
4,10.4214744876,600.0251577400,400.0167718267,1000.0419295667,0.0000000000,5.0281657421
4,10.4719795381,600.0251577400,400.0167718267,1000.0419295667,0.0000000000,5.0281657421
4,10.5224845886,600.0251577400,400.0167718267,1000.0419295667,0.0000000000,5.0281657421
4,10.5729896392,600.0251577400,400.0167718267,1000.0419295667,0.0000000000,5.0281657421
4,10.6234946897,600.0251577400,400.0167718267,1000.0419295667,0.0000000000,5.0281657421
4,10.6739997402,600.0251577400,400.0167718267,1000.0419295667,0.0000000000,5.0281657421
4,10.7245047907,600.0251577400,400.0167718267,1000.0419295667,0.0000000000,5.0281657421
4,10.7750098412,600.0251577400,400.0167718267,1000.0419295667,0.0000000000,5.0281657421
4,10.7938775549,600.0251577400,400.0167718267,1000.0419295667,0.0000000000,5.0281657421
4,10.8443826054,600.6558334047,400.4372222698,1001.0930556745,20.8122969344,5.0281657421
4,10.8948876559,600.6558334047,400.4372222698,1001.0930556745,0.0000000000,5.0281657421
4,10.9453927064,600.6558334047,400.4372222698,1001.0930556745,0.0000000000,5.0281657421
4,10.9958977569,600.6558334047,400.4372222698,1001.0930556745,0.0000000000,5.0281657421
4,11.0464028074,600.6558334047,400.4372222698,1001.0930556745,0.0000000000,5.0281657421
4,11.0969078579,600.6558334047,400.4372222698,1001.0930556745,0.0000000000,5.0281657421
4,11.1474129084,600.6558334047,400.4372222698,1001.0930556745,0.0000000000,5.0281657421
4,11.1979179590,600.6558334047,400.4372222698,1001.0930556745,0.0000000000,5.0281657421
4,11.2484230095,600.6558334047,400.4372222698,1001.0930556745,0.0000000000,5.0281657421
4,11.2989280600,600.6558334047,400.4372222698,1001.0930556745,0.0000000000,5.0281657421
4,11.3494331105,600.6558334047,400.4372222698,1001.0930556745,0.0000000000,5.0281657421
4,11.3999381610,600.6558334047,400.4372222698,1001.0930556745,0.0000000000,5.0281657421
4,11.4504432115,600.6558334047,400.4372222698,1001.0930556745,0.0000000000,5.0281657421
4,11.5009482620,600.6558334047,400.4372222698,1001.0930556745,0.0000000000,5.0281657421
4,11.5514533125,600.6558334047,400.4372222698,1001.0930556745,0.0000000000,5.0281657421
4,11.6019583630,600.6558334047,400.4372222698,1001.0930556745,0.0000000000,5.0281657421
4,11.6524634135,600.6558334047,400.4372222698,1001.0930556745,0.0000000000,5.0281657421
4,11.7029684640,600.6558334047,400.4372222698,1001.0930556745,0.0000000000,5.0281657421
4,11.7534735145,600.6558334047,400.4372222698,1001.0930556745,0.0000000000,5.0281657421
4,11.8039785650,600.6558334047,400.4372222698,1001.0930556745,0.0000000000,5.0281657421
4,11.8544836155,600.6558334047,400.4372222698,1001.0930556745,0.0000000000,5.0281657421
4,11.9049886660,600.6558334047,400.4372222698,1001.0930556745,0.0000000000,5.0281657421
4,11.9554937165,600.6558334047,400.4372222698,1001.0930556745,0.0000000000,5.0281657421
4,12.0059987670,600.6558334047,400.4372222698,1001.0930556745,0.0000000000,5.0281657421
4,12.0565038175,600.6558334047,400.4372222698,1001.0930556745,0.0000000000,5.0281657421
4,12.1070088680,600.6558334047,400.4372222698,1001.0930556745,0.0000000000,5.0281657421
4,12.1575139185,600.6558334047,400.4372222698,1001.0930556745,0.0000000000,5.0281657421
4,12.2080189691,600.6558334047,400.4372222698,1001.0930556745,0.0000000000,5.0281657421
4,12.2585240196,600.6558334047,400.4372222698,1001.0930556745,0.0000000000,5.0281657421
4,12.3090290701,600.6558334047,400.4372222698,1001.0930556745,0.0000000000,5.0281657421
4,12.3595341206,600.6558334047,400.4372222698,1001.0930556745,0.0000000000,5.0281657421
4,12.4100391711,600.6558334047,400.4372222698,1001.0930556745,0.0000000000,5.0281657421
4,12.4605442216,600.6558334047,400.4372222698,1001.0930556745,0.0000000000,5.0281657421
4,12.5110492721,600.6558334047,400.4372222698,1001.0930556745,0.0000000000,5.0281657421
4,12.5615543226,600.6558334047,400.4372222698,1001.0930556745,0.0000000000,5.0281657421
4,12.6120593731,600.6558334047,400.4372222698,1001.0930556745,0.0000000000,5.0281657421
4,12.6355987696,600.6558334047,400.4372222698,1001.0930556745,0.0000000000,5.0281657421
5,12.6355987696,602.0205537209,401.3470358139,1003.3675895348,0.0000000000,5.0281657421
5,12.6861038201,602.0205537209,401.3470358139,1003.3675895348,0.0000000000,5.0281657421
5,12.7366088706,602.0205537209,401.3470358139,1003.3675895348,0.0000000000,5.0281657421
5,12.7871139211,602.0205537209,401.3470358139,1003.3675895348,0.0000000000,5.0281657421
5,12.8376189716,602.0205537209,401.3470358139,1003.3675895348,0.0000000000,5.0281657421
5,12.8881240221,602.0205537209,401.3470358139,1003.3675895348,0.0000000000,5.0281657421
5,12.9386290726,602.0205537209,401.3470358139,1003.3675895348,0.0000000000,5.0281657421
5,12.9891341231,602.0205537209,401.3470358139,1003.3675895348,0.0000000000,5.0281657421
5,13.0396391737,602.0205537209,401.3470358139,1003.3675895348,0.0000000000,5.0281657421
5,13.0901442242,602.0205537209,401.3470358139,1003.3675895348,0.0000000000,5.0281657421
5,13.1406492747,602.0205537209,401.3470358139,1003.3675895348,0.0000000000,5.0281657421
5,13.1911543252,602.0205537209,401.3470358139,1003.3675895348,0.0000000000,5.0281657421
5,13.2416593757,602.0205537209,401.3470358139,1003.3675895348,0.0000000000,5.0281657421
5,13.2921644262,602.0205537209,401.3470358139,1003.3675895348,0.0000000000,5.0281657421
5,13.3426694767,602.0205537209,401.3470358139,1003.3675895348,0.0000000000,5.0281657421
5,13.3931745272,602.0205537209,401.3470358139,1003.3675895348,0.0000000000,5.0281657421
5,13.4436795777,602.0205537209,401.3470358139,1003.3675895348,0.0000000000,5.0281657421
5,13.4941846282,602.0205537209,401.3470358139,1003.3675895348,0.0000000000,5.0281657421
5,13.5446896787,602.0205537209,401.3470358139,1003.3675895348,0.0000000000,5.0281657421
5,13.5951947292,602.0205537209,401.3470358139,1003.3675895348,0.0000000000,5.0281657421
5,13.6456997797,602.0205537209,401.3470358139,1003.3675895348,0.0000000000,5.0281657421
5,13.6962048302,602.0205537209,401.3470358139,1003.3675895348,0.0000000000,5.0281657421
5,13.7467098807,602.0205537209,401.3470358139,1003.3675895348,0.0000000000,5.0281657421
5,13.7972149312,602.0205537209,401.3470358139,1003.3675895348,0.0000000000,5.0281657421
5,13.8477199817,602.0205537209,401.3470358139,1003.3675895348,0.0000000000,5.0281657421
5,13.8982250322,602.0205537209,401.3470358139,1003.3675895348,0.0000000000,5.0281657421
5,13.9487300827,602.0205537209,401.3470358139,1003.3675895348,0.0000000000,5.0281657421
5,13.9992351333,602.0205537209,401.3470358139,1003.3675895348,0.0000000000,5.0281657421
5,14.0497401838,602.0205537209,401.3470358139,1003.3675895348,0.0000000000,5.0281657421
5,14.1002452343,602.0205537209,401.3470358139,1003.3675895348,0.0000000000,5.0281657421
5,14.1507502848,602.0205537209,401.3470358139,1003.3675895348,0.0000000000,5.0281657421
5,14.2012553353,602.0205537209,401.3470358139,1003.3675895348,0.0000000000,5.0281657421
5,14.2517603858,602.0205537209,401.3470358139,1003.3675895348,0.0000000000,5.0281657421
5,14.3022654363,602.0205537209,401.3470358139,1003.3675895348,0.0000000000,5.0281657421
5,14.3527704868,602.0205537209,401.3470358139,1003.3675895348,0.0000000000,5.0281657421
5,14.4032755373,602.0205537209,401.3470358139,1003.3675895348,0.0000000000,5.0281657421
5,14.4537805878,602.0205537209,401.3470358139,1003.3675895348,0.0000000000,5.0281657421
5,14.5042856383,602.0205537209,401.3470358139,1003.3675895348,0.0000000000,5.0281657421
5,14.5547906888,602.0205537209,401.3470358139,1003.3675895348,0.0000000000,5.0281657421
5,14.6052957393,602.0205537209,401.3470358139,1003.3675895348,0.0000000000,5.0281657421
5,14.6538283447,602.0205537209,401.3470358139,1003.3675895348,0.0000000000,5.0281657421
5,14.7043333952,602.8703285786,401.9135523857,1004.7838809643,28.0425703038,5.0281657421
5,14.7548384457,602.8703285786,401.9135523857,1004.7838809643,0.0000000000,5.0281657421
5,14.8053434962,602.8703285786,401.9135523857,1004.7838809643,0.0000000000,5.0281657421
5,14.8558485467,602.8703285786,401.9135523857,1004.7838809643,0.0000000000,5.0281657421
5,14.9063535973,602.8703285786,401.9135523857,1004.7838809643,0.0000000000,5.0281657421
5,14.9568586478,602.8703285786,401.9135523857,1004.7838809643,0.0000000000,5.0281657421
5,15.0073636983,602.8703285786,401.9135523857,1004.7838809643,0.0000000000,5.0281657421
5,15.0578687488,602.8703285786,401.9135523857,1004.7838809643,0.0000000000,5.0281657421
5,15.1083737993,602.8703285786,401.9135523857,1004.7838809643,0.0000000000,5.0281657421
5,15.1588788498,602.8703285786,401.9135523857,1004.7838809643,0.0000000000,5.0281657421
5,15.2093839003,602.8703285786,401.9135523857,1004.7838809643,0.0000000000,5.0281657421
5,15.2598889508,602.8703285786,401.9135523857,1004.7838809643,0.0000000000,5.0281657421
5,15.3103940013,602.8703285786,401.9135523857,1004.7838809643,0.0000000000,5.0281657421
5,15.3608990518,602.8703285786,401.9135523857,1004.7838809643,0.0000000000,5.0281657421
5,15.4114041023,602.8703285786,401.9135523857,1004.7838809643,0.0000000000,5.0281657421
5,15.4619091528,602.8703285786,401.9135523857,1004.7838809643,0.0000000000,5.0281657421
5,15.5124142033,602.8703285786,401.9135523857,1004.7838809643,0.0000000000,5.0281657421
5,15.5629192538,602.8703285786,401.9135523857,1004.7838809643,0.0000000000,5.0281657421
5,15.6134243043,602.8703285786,401.9135523857,1004.7838809643,0.0000000000,5.0281657421
5,15.6639293548,602.8703285786,401.9135523857,1004.7838809643,0.0000000000,5.0281657421
5,15.7144344053,602.8703285786,401.9135523857,1004.7838809643,0.0000000000,5.0281657421
5,15.7649394558,602.8703285786,401.9135523857,1004.7838809643,0.0000000000,5.0281657421
5,15.8154445063,602.8703285786,401.9135523857,1004.7838809643,0.0000000000,5.0281657421
5,15.8659495568,602.8703285786,401.9135523857,1004.7838809643,0.0000000000,5.0281657421
5,15.9164546074,602.8703285786,401.9135523857,1004.7838809643,0.0000000000,5.0281657421
5,15.9669596579,602.8703285786,401.9135523857,1004.7838809643,0.0000000000,5.0281657421
5,16.0174647084,602.8703285786,401.9135523857,1004.7838809643,0.0000000000,5.0281657421
5,16.0679697589,602.8703285786,401.9135523857,1004.7838809643,0.0000000000,5.0281657421
5,16.1184748094,602.8703285786,401.9135523857,1004.7838809643,0.0000000000,5.0281657421
5,16.1689798599,602.8703285786,401.9135523857,1004.7838809643,0.0000000000,5.0281657421
5,16.2194849104,602.8703285786,401.9135523857,1004.7838809643,0.0000000000,5.0281657421
5,16.2699899609,602.8703285786,401.9135523857,1004.7838809643,0.0000000000,5.0281657421
5,16.3204950114,602.8703285786,401.9135523857,1004.7838809643,0.0000000000,5.0281657421
5,16.3710000619,602.8703285786,401.9135523857,1004.7838809643,0.0000000000,5.0281657421
5,16.4215051124,602.8703285786,401.9135523857,1004.7838809643,0.0000000000,5.0281657421
5,16.4720101629,602.8703285786,401.9135523857,1004.7838809643,0.0000000000,5.0281657421
5,16.5225152134,602.8703285786,401.9135523857,1004.7838809643,0.0000000000,5.0281657421
5,16.5730202639,602.8703285786,401.9135523857,1004.7838809643,0.0000000000,5.0281657421
5,16.6235253144,602.8703285786,401.9135523857,1004.7838809643,0.0000000000,5.0281657421
5,16.6740303649,602.8703285786,401.9135523857,1004.7838809643,0.0000000000,5.0281657421
5,16.7245354154,602.8703285786,401.9135523857,1004.7838809643,0.0000000000,5.0281657421
5,16.7750404659,602.8703285786,401.9135523857,1004.7838809643,0.0000000000,5.0281657421
5,16.8255455164,602.8703285786,401.9135523857,1004.7838809643,0.0000000000,5.0281657421
5,16.8438716791,602.8703285786,401.9135523857,1004.7838809643,0.0000000000,5.0281657421
