cycle,time,q1,u1,q2,u2,total_energy,hip_x,hip_vx,hip_y,hip_vy
1,0.0000000000,-0.0100000000,-0.1000000000,-0.0100000000,-0.3000000000,1004.8643644351,0.0099998333,0.0999950000,0.9999500004,-0.0009999833
1,0.0505050505,-0.0150769077,-0.1010883979,-0.0251588996,-0.3002089303,1004.8643644351,0.0150763365,0.1010769087,0.9998863456,-0.0015240427
1,0.1010101010,-0.0202153027,-0.1024354133,-0.0403157318,-0.2999188237,1004.8643644351,0.0202139259,0.1024144835,0.9997956777,-0.0020706219
1,0.1515151515,-0.0254283297,-0.1040444416,-0.0554454165,-0.2991349573,1004.8643644351,0.0254255895,0.1040108059,0.9996767174,-0.0026453913
1,0.2020202020,-0.0307293211,-0.1059195347,-0.0705231976,-0.2978648896,1004.8643644351,0.0307244851,0.1058695292,0.9995278916,-0.0032543232
1,0.2525252525,-0.0361318309,-0.1080654103,-0.0855247582,-0.2961184579,1004.8643644351,0.0361239697,0.1079948777,0.9993473164,-0.0039037516
1,0.3030303030,-0.0416496682,-0.1104874628,-0.1004263359,-0.2939077707,1004.8643644351,0.0416376277,0.1103916457,0.9991327779,-0.0046004358
1,0.3535353535,-0.0472969321,-0.1131917758,-0.1152048367,-0.2912471962,1004.8643644351,0.0472793002,0.1130651944,0.9988817086,-0.0053516279
1,0.4040404040,-0.0530880466,-0.1161851349,-0.1298379492,-0.2881533467,1004.8643644351,0.0530631134,0.1160214487,0.9985911606,-0.0061651450
1,0.4545454545,-0.0590377964,-0.1194750440,-0.1443042571,-0.2846450604,1004.8643644351,0.0590035067,0.1192668916,0.9982577754,-0.0070494466
1,0.5050505051,-0.0651613636,-0.1230697409,-0.1585833514,-0.2807433799,1004.8643644351,0.0651152608,0.1228085560,0.9978777494,-0.0080137183
1,0.5555555556,-0.0714743653,-0.1269782156,-0.1726559412,-0.2764715292,1004.8643644351,0.0714135254,0.1266540142,0.9974467948,-0.0090679620
1,0.6060606061,-0.0779928923,-0.1312102300,-0.1865039628,-0.2718548895,1004.8643644351,0.0779138460,0.1308113635,0.9969600958,-0.0102230936
1,0.6565656566,-0.0847335479,-0.1357763380,-0.2001106885,-0.2669209745,1004.8643644351,0.0846321897,0.1352892078,0.9964122603,-0.0114910488
1,0.7070707071,-0.0917134893,-0.1406879076,-0.2134608336,-0.2616994063,1004.8643644351,0.0915849708,0.1400966336,0.9957972651,-0.0128848979
1,0.7575757576,-0.0989504685,-0.1459571440,-0.2265406620,-0.2562218928,1004.8643644351,0.0987890737,0.1452431794,0.9951083956,-0.0144189711
1,0.8080808081,-0.1064628760,-0.1515971142,-0.2393380914,-0.2505222070,1004.8643644351,0.1062618754,0.1507387985,0.9943381788,-0.0161089937
1,0.8585858586,-0.1142697841,-0.1576217716,-0.2518427970,-0.2446361699,1004.8643644351,0.1140212652,0.1565938112,0.9934783093,-0.0179722338
1,0.9090909091,-0.1223909930,-0.1640459826,-0.2640463146,-0.2386016375,1004.8643644351,0.1220856613,0.1628188476,0.9925195672,-0.0200276623
1,0.9595959596,-0.1308470774,-0.1708855530,-0.2759421429,-0.2324584929,1004.8643644351,0.1304740256,0.1694247768,0.9914517278,-0.0222961260
1,1.0101010101,-0.1396594344,-0.1781572559,-0.2875258463,-0.2262486447,1004.8643644351,0.1392058730,0.1764226211,0.9902634624,-0.0248005363
1,1.0606060606,-0.1488503333,-0.1858788592,-0.2987951570,-0.2200160329,1004.8643644351,0.1483012768,0.1838234533,0.9889422285,-0.0275660721
1,1.0677451690,-0.1501813665,-0.1870077029,-0.3003627330,-0.2191358122,1004.8643644351,0.1496174600,0.1849027365,0.9887439586,-0.0279796175
1,1.1182502195,0.1413362327,-0.1717214735,0.2997727417,-0.0154449364,1006.0070219049,0.1583687713,0.1700091786,0.9900286502,0.0241897426
1,1.1687552700,0.1328284518,-0.1652576830,0.2987950747,-0.0233422322,1006.0070219049,0.1667967146,0.1638019717,0.9911912640,0.0218864310
1,1.2192603206,0.1246364933,-0.1592123445,0.2974080472,-0.0316490030,1006.0070219049,0.1749208652,0.1579773219,0.9922429218,0.0197923321
1,1.2697653711,0.1167396034,-0.1535705665,0.2955919772,-0.0403257605,1006.0070219049,0.1827602931,0.1525253142,0.9931936676,0.0178870744
1,1.3202704216,0.1091177561,-0.1483184129,0.2933291682,-0.0493333787,1006.0070219049,0.1903335734,0.1474362984,0.9940525624,0.0161520749
1,1.3707754721,0.1017516057,-0.1434428778,0.2906038898,-0.0586331284,1006.0070219049,0.1976588024,0.1427009583,0.9948277702,0.0145703706
1,1.4212805226,0.0946224403,-0.1389318615,0.2874023569,-0.0681867124,1006.0070219049,0.2047536153,0.1383103688,0.9955266360,0.0131264635
1,1.4717855731,0.0877121369,-0.1347741477,0.2837127069,-0.0779563037,1006.0070219049,0.2116352074,0.1342560430,0.9961557561,0.0118061766
1,1.5222906236,0.0810031170,-0.1309593811,0.2795249749,-0.0879045854,1006.0070219049,0.2183203576,0.1305299706,0.9967210410,0.0105965210
1,1.5727956741,0.0744783037,-0.1274780472,0.2748310669,-0.0979947934,1006.0070219049,0.2248254525,0.1271246491,0.9972277730,0.0094855736
1,1.6233007246,0.0681210800,-0.1243214530,0.2696247308,-0.1081907613,1006.0070219049,0.2311665134,0.1240331088,0.9976806563,0.0084623632
1,1.6738057751,0.0619152475,-0.1214817085,0.2639015251,-0.1184569674,1006.0070219049,0.2373592235,0.1212489329,0.9980838633,0.0075167653
1,1.7243108256,0.0558449862,-0.1189517106,0.2576587848,-0.1287585845,1006.0070219049,0.2434189561,0.1187662737,0.9984410740,0.0066394044
1,1.7748158761,0.0498948156,-0.1167251280,0.2508955855,-0.1390615330,1006.0070219049,0.2493608039,0.1165798650,0.9987555119,0.0058215626
1,1.8253209266,0.0440495555,-0.1147963872,0.2436127036,-0.1493325354,1006.0070219049,0.2551996084,0.1146850319,0.9990299752,0.0050550947
1,1.8758259771,0.0382942884,-0.1131606609,0.2358125750,-0.1595391756,1006.0070219049,0.2609499903,0.1130776987,0.9992668633,0.0043323479
1,1.9263310276,0.0326143221,-0.1118138569,0.2274992497,-0.1696499593,1006.0070219049,0.2666263795,0.1117543943,0.9994682001,0.0036460867
1,1.9768360781,0.0269951525,-0.1107526094,0.2186783434,-0.1796343792,1006.0070219049,0.2722430460,0.1107122570,0.9996356530,0.0029894205
1,2.0273411286,0.0214224275,-0.1099742713,0.2093569867,-0.1894629816,1006.0070219049,0.2778141310,0.1099490375,0.9997705486,0.0023557357
1,2.0778461791,0.0158819105,-0.1094769081,0.1995437693,-0.1991074373,1006.0070219049,0.2833536771,0.1094631014,0.9998738851,0.0017386294
1,2.1283512296,0.0103594447,-0.1092592937,0.1892486819,-0.2085406148,1006.0070219049,0.2888756605,0.1092534310,0.9999463414,0.0011318454
1,2.1788562801,0.0048409177,-0.1093209076,0.1784830537,-0.2177366564,1006.0070219049,0.2943940211,0.1093196267,0.9999882828,0.0005292115
1,2.2293613307,-0.0006877747,-0.1096619330,0.1672594858,-0.2266710571,1006.0070219049,0.2999226946,0.1096619071,0.9999997635,-0.0000754227
1,2.2798663812,-0.0062407636,-0.1102832576,0.1555917813,-0.2353207456,1006.0070219049,0.3054756431,0.1102811100,0.9999805265,-0.0006882473
1,2.3303714317,-0.0118322429,-0.1111864753,0.1434948704,-0.2436641678,1006.0070219049,0.3110668868,0.1111786922,0.9999299998,-0.0013155547
1,2.3808764822,-0.0174765048,-0.1123738892,0.1309847319,-0.2516813721,1006.0070219049,0.3167105351,0.1123567285,0.9998472898,-0.0019638028
1,2.4313815327,-0.0231879757,-0.1138485167,0.1180783099,-0.2593540966,1006.0070219049,0.3224208177,0.1138179110,0.9997311709,-0.0026396801
1,2.4818865832,-0.0289812527,-0.1156140964,0.1047934263,-0.2666658569,1006.0070219049,0.3282121159,0.1155655469,0.9995800729,-0.0033501723
1,2.5323916337,-0.0348711402,-0.1176750952,0.0911486888,-0.2736020358,1006.0070219049,0.3340989934,0.1176035562,0.9993920634,-0.0041026332
1,2.5828966842,-0.0408726866,-0.1200367187,0.0771633943,-0.2801499730,1006.0070219049,0.3400962273,0.1199364674,0.9991648280,-0.0049048573
1,2.6334017347,-0.0470012221,-0.1227049219,0.0628574277,-0.2862990552,1006.0070219049,0.3462188388,0.1225694122,0.9988956459,-0.0057651581
1,2.6839067852,-0.0532723971,-0.1256864220,0.0482511564,-0.2920408071,1006.0070219049,0.3524821232,0.1255081184,0.9985813614,-0.0066924505
1,2.7344118357,-0.0597022204,-0.1289887124,0.0333653201,-0.2973689809,1006.0070219049,0.3589016800,0.1287588999,0.9982183517,-0.0076963386
1,2.7849168862,-0.0663070995,-0.1326200785,0.0182209157,-0.3022796470,1006.0070219049,0.3654934421,0.1323286445,0.9978024896,-0.0087872104
1,2.8354219367,-0.0731038805,-0.1365896149,0.0028390783,-0.3067712827,1006.0070219049,0.3722737045,0.1362247979,0.9973291011,-0.0099763395
1,2.8859269872,-0.0801098899,-0.1409072438,-0.0127590431,-0.3108448622,1006.0070219049,0.3792591519,0.1404553428,0.9967929185,-0.0112759940
1,2.9364320377,-0.0873429764,-0.1455837349,-0.0285524131,-0.3145039446,1006.0070219049,0.3864668851,0.1450287736,0.9961880266,-0.0126995553
1,2.9869370882,-0.0948215546,-0.1506307267,-0.0445202436,-0.3177547628,1006.0070219049,0.3939144463,0.1499540639,0.9955078037,-0.0142616459
1,3.0374421387,-0.1025646492,-0.1560607490,-0.0606421305,-0.3206063119,1006.0070219049,0.4016198421,0.1552406272,0.9947448556,-0.0159782676
1,3.0879471892,-0.1105919408,-0.1618872463,-0.0768981957,-0.3230704390,1006.0070219049,0.4096015646,0.1608982676,0.9938909416,-0.0178669522
1,3.1384522397,-0.1189238125,-0.1681246026,-0.0932692332,-0.3251619332,1006.0070219049,0.4178786099,0.1669371206,0.9929368937,-0.0199469232
1,3.1889572902,-0.1275813985,-0.1747881666,-0.1097368604,-0.3268986181,1006.0070219049,0.4264704927,0.1733675804,0.9918725266,-0.0222392725
1,3.2394623408,-0.1365866326,-0.1818942778,-0.1262836734,-0.3283014478,1006.0070219049,0.4353972573,0.1802002124,0.9906865387,-0.0247671500
1,3.2899673913,-0.1459622998,-0.1894602929,-0.1428934076,-0.3293946060,1006.0070219049,0.4446794839,0.1874456484,0.9893664027,-0.0275559697
1,3.3121406374,-0.1502015668,-0.1929319686,-0.1502015668,-0.3297836581,1006.0070219049,0.4488723528,0.1907597352,0.9887409361,-0.0288698445
2,3.3121406374,-0.1002015668,-0.1000000000,-0.2002015668,-0.3000000000,999.0862133681,0.1000339745,0.0994984022,0.9949840220,-0.0100033974
2,3.3626456879,-0.1053934927,-0.1056438028,-0.2152386290,-0.2953923451,999.0862133681,0.1051984863,0.1050576112,0.9944512449,-0.0111135681
2,3.4131507384,-0.1108771762,-0.1115560065,-0.2300318465,-0.2903493104,999.0862133681,0.1106501331,0.1108709880,0.9938594207,-0.0123436870
2,3.4636557889,-0.1166665430,-0.1177513812,-0.2445600918,-0.2849053805,999.0862133681,0.1164020634,0.1169509279,0.9932021746,-0.0137065037
2,3.5141608394,-0.1227762819,-0.1242453737,-0.2588040360,-0.2790972976,999.0862133681,0.1224680591,0.1233101111,0.9924724553,-0.0152160898
2,3.5646658899,-0.1292218796,-0.1310541391,-0.2727462624,-0.2729640348,999.0862133681,0.1288625489,0.1299614705,0.9916624645,-0.0168879704
2,3.6151709404,-0.1360196570,-0.1381945740,-0.2863713784,-0.2665467723,999.0862133681,0.1356006203,0.1369181509,0.9907635802,-0.0187392700
2,3.6656759909,-0.1431868082,-0.1456843503,-0.2996661265,-0.2598888774,999.0862133681,0.1426980291,0.1441934562,0.9897662716,-0.0207888697
2,3.7161810414,-0.1507414398,-0.1535419483,-0.3126194946,-0.2530358907,999.0862133681,0.1501712055,0.1518007836,0.9886600068,-0.0230575795
2,3.7666860920,-0.1587026130,-0.1617866908,-0.3252228249,-0.2460355177,999.0862133681,0.1580372570,0.1597535417,0.9874331498,-0.0255683248
2,3.8171911425,-0.1670903869,-0.1704387774,-0.3374699242,-0.2389376287,999.0862133681,0.1663139666,0.1680650509,0.9860728495,-0.0283463491
2,3.8472587845,-0.1722951689,-0.1757917793,-0.3445903378,-0.2346869582,999.0862133681,0.1714439850,0.1731889832,0.9851938693,-0.0301384432
2,3.8977638350,0.1641439496,-0.1574172427,0.3438893940,-0.0181053119,1000.3865885200,0.1794801228,0.1553013349,0.9865586022,0.0257232127
2,3.9482688855,0.1563877570,-0.1497925349,0.3427544865,-0.0269028376,1000.3865885200,0.1871368998,0.1479645173,0.9877963374,0.0233303476
2,3.9987739360,0.1490070260,-0.1425459093,0.3411656706,-0.0360725228,1000.3865885200,0.1944317349,0.1409663550,0.9889189786,0.0211618290
2,4.0492789865,0.1419831169,-0.1356594772,0.3391052925,-0.0455692074,1000.3865885200,0.2013814169,0.1342943792,0.9899373189,0.0191967050
2,4.0997840370,0.1352982722,-0.1291161870,0.3365579687,-0.0553481520,1000.3865885200,0.2080021066,0.1279362126,0.9908611426,0.0174159483
2,4.1502890875,0.1289355750,-0.1228997919,0.3335105641,-0.0653650690,1000.3865885200,0.2143093439,0.1218796398,0.9916993178,0.0158022864
2,4.2007941380,0.1228789094,-0.1169948192,0.3299521679,-0.0755761550,1000.3865885200,0.2203180566,0.1161126644,0.9924598815,0.0143400448
2,4.2512991885,0.1171129221,-0.1113865385,0.3258740692,-0.0859381255,1000.3865885200,0.2260425735,0.1106235537,0.9931501162,0.0130150043
2,4.3018042390,0.1116229854,-0.1060609327,0.3212697287,-0.0964082522,1000.3865885200,0.2314966381,0.1054008752,0.9937766204,0.0118142685
2,4.3523092895,0.1063951626,-0.1010046675,0.3161347508,-0.1069444011,1000.3865885200,0.2366934248,0.1004335236,0.9943453719,0.0107261447
2,4.4028143400,0.1014161732,-0.0962050638,0.3104668515,-0.1175050744,1000.3865885200,0.2416455556,0.0957107416,0.9948617861,0.0097400329
2,4.4533193905,0.0966733617,-0.0916500698,0.3042658260,-0.1280494536,1000.3865885200,0.2463651186,0.0912221344,0.9953307687,0.0088463261
2,4.5038244410,0.0921546655,-0.0873282340,0.2975335129,-0.1385374462,1000.3865885200,0.2508636860,0.0869576796,0.9957567631,0.0080363182
2,4.5543294916,0.0878485861,-0.0832286802,0.2902737563,-0.1489297341,1000.3865885200,0.2551523336,0.0829077333,0.9961437939,0.0073021212
2,4.6048345421,0.0837441602,-0.0793410820,0.2824923652,-0.1591878250,1000.3865885200,0.2592416596,0.0790630317,0.9964955066,0.0066365888
2,4.6553395926,0.0798309324,-0.0756556394,0.2741970709,-0.1692741071,1000.3865885200,0.2631418040,0.0754146916,0.9968152030,0.0060332472
2,4.7058446431,0.0760989299,-0.0721630560,0.2653974809,-0.1791519054,1000.3865885200,0.2668624676,0.0719542070,0.9971058735,0.0054862326
2,4.7563496936,0.0725386367,-0.0688545168,0.2561050299,-0.1887855415,1000.3865885200,0.2704129311,0.0686734450,0.9973702265,0.0049902338
2,4.8068547441,0.0691409707,-0.0657216675,0.2463329282,-0.1981403953,1000.3865885200,0.2738020739,0.0655646397,0.9976107151,0.0045404403
2,4.8573597946,0.0658972602,-0.0627565944,0.2360961065,-0.2071829689,1000.3865885200,0.2770383920,0.0626203851,0.9978295611,0.0041324953
2,4.9078648451,0.0627992226,-0.0599518052,0.2254111575,-0.2158809524,1000.3865885200,0.2801300166,0.0598336268,0.9980287768,0.0037624526
2,4.9583698956,0.0598389434,-0.0573002107,0.2142962744,-0.2242032912,1000.3865885200,0.2830847310,0.0571976539,0.9982101846,0.0034267382
2,5.0088749461,0.0570088565,-0.0547951075,0.2027711857,-0.2321202542,1000.3865885200,0.2859099883,0.0547060893,0.9983754352,0.0031221146
2,5.0593799966,0.0543017247,-0.0524301613,0.1908570865,-0.2396035027,1000.3865885200,0.2886129277,0.0523528805,0.9985260236,0.0028456492
2,5.1098850471,0.0517106220,-0.0501993912,0.1785765666,-0.2466261586,1000.3865885200,0.2912003905,0.0501322898,0.9986633037,0.0025946850
2,5.1603900976,0.0492289155,-0.0480971546,0.1659535350,-0.2531628729,1000.3865885200,0.2936789363,0.0480388850,0.9987885016,0.0023668145
2,5.2108951481,0.0468502494,-0.0461181335,0.1530131409,-0.2591898917,1000.3865885200,0.2960548577,0.0460675293,0.9989027278,0.0021598557
2,5.2614001986,0.0445685283,-0.0442573202,0.1397816915,-0.2646851214,1000.3865885200,0.2983341950,0.0442133721,0.9990069875,0.0019718307
2,5.3119052491,0.0423779024,-0.0425100054,0.1262865667,-0.2696281895,1000.3865885200,0.3005227508,0.0424718396,0.9991021911,0.0018009457
2,5.3624102996,0.0402727522,-0.0408717658,0.1125561306,-0.2740005038,1000.3865885200,0.3026261032,0.0408386254,0.9991891623,0.0016455736
2,5.4129153501,0.0382476749,-0.0393384526,0.0986196400,-0.2777853056,1000.3865885200,0.3046496197,0.0393096823,0.9992686468,0.0015042375
2,5.4634204006,0.0362974703,-0.0379061816,0.0845071511,-0.2809677196,1000.3865885200,0.3065984695,0.0378812135,0.9993413191,0.0013755964
2,5.5139254511,0.0344171279,-0.0365713224,0.0702494226,-0.2835347970,1000.3865885200,0.3084776364,0.0365496644,0.9994077891,0.0012584314
2,5.5644305017,0.0326018145,-0.0353304896,0.0558778178,-0.2854755537,1000.3865885200,0.3102919305,0.0353117152,0.9994686079,0.0011516340
2,5.6149355522,0.0308468618,-0.0341805340,0.0414242046,-0.2867810007,1000.3865885200,0.3120459999,0.0341642734,0.9995242733,0.0010541950
2,5.6566803155,0.0294386604,-0.0332965578,0.0294386604,-0.2873754218,1000.3865885200,0.3134535614,0.0332821309,0.9995667139,0.0009800645
3,5.6566803155,0.0794386604,-0.1000000000,-0.0205613396,-0.3000000000,1002.5668767571,-0.0793551372,0.0996846409,0.9968464085,0.0079355137
3,5.7071853660,0.0744757604,-0.0965726468,-0.0355929751,-0.2951692380,1002.5668767571,-0.0744069312,0.0963049438,0.9972279622,0.0071856743
3,5.7576904165,0.0696796960,-0.0933919229,-0.0503680034,-0.2898389533,1002.5668767571,-0.0696233241,0.0931652936,0.9975733521,0.0065022561
3,5.8081954670,0.0650382166,-0.0904497863,-0.0648613061,-0.2840138827,1002.5668767571,-0.0649923747,0.0902585538,0.9978857606,0.0058785464
3,5.8587005175,0.0605394630,-0.0877387881,-0.0790480601,-0.2777009568,1002.5668767571,-0.0605024900,0.0875780547,0.9981680463,0.0053084151
3,5.9092055681,0.0561719375,-0.0852520553,-0.0929038458,-0.2709092187,1002.5668767571,-0.0561424024,0.0851175934,0.9984227715,0.0047862552
3,5.9597106186,0.0519244754,-0.0829832756,-0.1064047521,-0.2636497386,1002.5668767571,-0.0519011458,0.0828714330,0.9986522273,0.0043069271
3,6.0102156691,0.0477862166,-0.0809266822,-0.1195274761,-0.2559355278,1002.5668767571,-0.0477680319,0.0808343009,0.9988584560,0.0038657083
3,6.0607207196,0.0437465793,-0.0790770412,-0.1322494195,-0.2477814499,1002.5668767571,-0.0437326272,0.0790013859,0.9990432710,0.0034582468
3,6.1112257701,0.0397952323,-0.0774296390,-0.1445487792,-0.2392041317,1002.5668767571,-0.0397847294,0.0773683360,0.9992082742,0.0030805172
3,6.1617308206,0.0359220700,-0.0759802716,-0.1564046349,-0.2302218724,1002.5668767571,-0.0359143449,0.0759312546,0.9993548718,0.0027287817
3,6.2122358711,0.0321171861,-0.0747252348,-0.1677970305,-0.2208545534,1002.5668767571,-0.0321116648,0.0746866981,0.9994842875,0.0023995517
3,6.2627409216,0.0283708493,-0.0736613156,-0.1787070522,-0.2111235478,1002.5668767571,-0.0283670434,0.0736316724,0.9995975745,0.0020895537
3,6.3132459721,0.0246734779,-0.0727857848,-0.1891169014,-0.2010516302,1002.5668767571,-0.0246709745,0.0727636306,0.9996956252,0.0017956962
3,6.3637510226,0.0210156164,-0.0720963904,-0.1990099632,-0.1906628886,1002.5668767571,-0.0210140695,0.0720804700,0.9997791801,0.0015150386
3,6.4142560731,0.0173879109,-0.0715913526,-0.2083708708,-0.1799826363,1002.5668767571,-0.0173870347,0.0715805304,0.9998488341,0.0012447613
3,6.4647611236,0.0137810854,-0.0712693597,-0.2171855647,-0.1690373266,1002.5668767571,-0.0137806492,0.0712625921,0.9999050423,0.0009821380
3,6.5152661741,0.0101859186,-0.0711295649,-0.2254413485,-0.1578544692,1002.5668767571,-0.0101857425,0.0711258750,0.9999481240,0.0007245074
3,6.5657712246,0.0065932202,-0.0711715846,-0.2331269404,-0.1464625482,1002.5668767571,-0.0065931725,0.0711700376,0.9999782648,0.0004692465
3,6.6162762751,0.0029938077,-0.0713954972,-0.2402325199,-0.1348909437,1002.5668767571,-0.0029938033,0.0713951772,0.9999955186,0.0002137441
3,6.6667813256,-0.0006215172,-0.0718018437,-0.2467497713,-0.1231698546,1002.5668767571,0.0006215171,0.0718018298,0.9999998069,-0.0000446261
3,6.7172863761,-0.0042619917,-0.0723916291,-0.2526719233,-0.1113302246,1002.5668767571,0.0042619788,0.0723909716,0.9999909177,-0.0003085316
3,6.7677914266,-0.0079369156,-0.0731663244,-0.2579937848,-0.0994036711,1002.5668767571,0.0079368323,0.0731640198,0.9999685029,-0.0005807088
3,6.8182964771,-0.0116556749,-0.0741278706,-0.2627117770,-0.0874224151,1002.5668767571,0.0116554110,0.0741228354,0.9999320734,-0.0008639908
3,6.8688015276,-0.0154277653,-0.0752786832,-0.2668239621,-0.0754192152,1002.5668767571,0.0154271533,0.0752697246,0.9998809944,-0.0011613358
3,6.9193065782,-0.0192628170,-0.0766216580,-0.2703300693,-0.0634273022,1002.5668767571,0.0192616258,0.0766074429,0.9998144777,-0.0014758577
3,6.9698116287,-0.0231706185,-0.0781601777,-0.2732315165,-0.0514803166,1002.5668767571,0.0231685452,0.0781391974,0.9997315732,-0.0018108576
3,7.0203166792,-0.0271611415,-0.0798981205,-0.2755314297,-0.0396122476,1002.5668767571,0.0271578020,0.0798686507,0.9996311589,-0.0021698573
3,7.0708217297,-0.0312445665,-0.0818398688,-0.2772346591,-0.0278573727,1002.5668767571,0.0312394831,0.0817999250,0.9995119282,-0.0025566352
3,7.1213267802,-0.0354313081,-0.0839903197,-0.2783477922,-0.0162502001,1002.5668767571,0.0354238953,0.0839376054,0.9993723769,-0.0029752643
3,7.1718318307,-0.0397320417,-0.0863548967,-0.2788791638,-0.0048254103,1002.5668767571,0.0397215888,0.0862867442,0.9992107863,-0.0034301537
3,7.2223368812,-0.0441577298,-0.0889395620,-0.2788388636,0.0063822007,1002.5668767571,0.0441433807,0.0888528642,0.9990252059,-0.0039260929
3,7.2728419317,-0.0487196504,-0.0917508308,-0.2782387401,0.0173377782,1002.5668767571,0.0487003791,0.0916419622,0.9988134326,-0.0044683002
3,7.3233469822,-0.0534294243,-0.0947957860,-0.2770924027,0.0280064657,1002.5668767571,0.0534040071,0.0946605113,0.9985729878,-0.0050624748
3,7.3738520327,-0.0582990451,-0.0980820951,-0.2754152199,0.0383534615,1002.5668767571,0.0582660265,0.0979154626,0.9983010919,-0.0057148539
3,7.4243570832,-0.0633409087,-0.1016180269,-0.2732243154,0.0483440761,1002.5668767571,0.0632985625,0.1014142457,0.9979946352,-0.0064322750
3,7.4748621337,-0.0685678440,-0.1054124711,-0.2705385608,0.0579437897,1002.5668767571,0.0685141275,0.1051647672,0.9976501463,-0.0072222435
3,7.5253671842,-0.0739931452,-0.1094749578,-0.2673785656,0.0671183108,1002.5668767571,0.0739256451,0.1091754076,0.9972637560,-0.0080930069
3,7.5758722347,-0.0796306043,-0.1138156789,-0.2637666643,0.0758336347,1002.5668767571,0.0795464742,0.1134550150,0.9968311584,-0.0090536360
3,7.6263772852,-0.0854945452,-0.1184455101,-0.2597269000,0.0840561032,1002.5668767571,0.0853904321,0.1180128958,0.9963475669,-0.0101141133
3,7.6768823357,-0.0915998590,-0.1233760351,-0.2552850061,0.0917524645,1002.5668767571,0.0914718174,0.1228588014,0.9958076655,-0.0112854302
3,7.7273873862,-0.0979620400,-0.1286195697,-0.2504683836,0.0988899334,1002.5668767571,0.0978054321,0.1280029103,0.9952055554,-0.0125796926
3,7.7778924367,-0.1045972239,-0.1341891880,-0.2453060763,0.1054362516,1002.5668767571,0.1044066025,0.1334558033,0.9945346959,-0.0140102372
3,7.8283974872,-0.1115222260,-0.1400987490,-0.2398287427,0.1113597474,1002.5668767571,0.1112911988,0.1392284330,0.9937878391,-0.0155917577
3,7.8704670905,-0.1175244722,-0.1452913534,-0.2350489444,0.1157960303,1002.5668767571,0.1172541176,0.1442891255,0.9931019444,-0.0170360094
3,7.9209721410,0.1105241218,-0.1359838734,0.2346984288,-0.0100555194,1004.1008837697,0.1242089955,0.1351541575,0.9938984242,0.0149989179
3,7.9714771915,0.1037829168,-0.1310243196,0.2340274224,-0.0165713150,1004.1008837697,0.1309115239,0.1303193282,0.9946193852,0.0135736886
3,8.0219822420,0.0972837394,-0.1263975913,0.2330192634,-0.0234016539,1004.1008837697,0.1373778742,0.1257999415,0.9952716679,0.0122770437
3,8.0724872925,0.0910100750,-0.1220921438,0.2316588383,-0.0305159713,1004.1008837697,0.1436237451,0.1215868583,0.9958614409,0.0110962822
3,8.1229923431,0.0849459724,-0.1180972170,0.2299325722,-0.0378839251,1004.1008837697,0.1496643851,0.1176713891,0.9963942599,0.0100198226
3,8.1734973936,0.0790760043,-0.1144028127,0.2278284159,-0.0454754315,1004.1008837697,0.1555146157,0.1140453178,0.9968751216,0.0090370923
3,8.2240024441,0.0733852297,-0.1109996735,0.2253358324,-0.0532607024,1004.1008837697,0.1611888559,0.1107009193,0.9973085122,0.0081384272
3,8.2745074946,0.0678591567,-0.1078792633,0.2224457810,-0.0612102845,1004.1008837697,0.1667011469,0.1076309739,0.9976984508,0.0073149787
3,8.3250125451,0.0624837069,-0.1050337482,0.2191506990,-0.0692950991,1004.1008837697,0.1720651787,0.1048287778,0.9980485282,0.0065586283
3,8.3755175956,0.0572451801,-0.1024559791,0.2154444822,-0.0774864846,1004.1008837697,0.1772943156,0.1022881503,0.9983619421,0.0058619082
3,8.4260226461,0.0521302201,-0.1001394766,0.2113224623,-0.0857562391,1004.1008837697,0.1824016231,0.1000034399,0.9986415278,0.0052179289
3,8.4765276966,0.0471257814,-0.0980784155,0.2067813830,-0.0940766656,1004.1008837697,0.1873998950,0.0979695275,0.9988897859,0.0046203114
3,8.5270327471,0.0422190967,-0.0962676121,0.2018193731,-0.1024206177,1004.1008837697,0.1923016797,0.0961818286,0.9991089063,0.0040631243
3,8.5775377976,0.0373976441,-0.0947025121,0.1964359173,-0.1107615475,1004.1008837697,0.1971193078,0.0946362952,0.9993007896,0.0035408254
3,8.6280428481,0.0326491165,-0.0933791806,0.1906318253,-0.1190735549,1004.1008837697,0.2018649189,0.0933294155,0.9994670649,0.0030482061
3,8.6785478986,0.0279613898,-0.0922942922,0.1844091972,-0.1273314378,1004.1008837697,0.2065504888,0.0922582148,0.9996091058,0.0025803404
3,8.7290529491,0.0233224927,-0.0914451239,0.1777713872,-0.1355107445,1004.1008837697,0.2111878568,0.0914202548,0.9997280430,0.0021325349
3,8.7795579996,0.0187205764,-0.0908295488,0.1707229646,-0.1435878273,1004.1008837697,0.2157887523,0.0908136332,0.9998247751,0.0017002822
3,8.8300630501,0.0141438845,-0.0904460304,0.1632696714,-0.1515398973,1004.1008837697,0.2203648224,0.0904369837,0.9998999769,0.0012792156
3,8.8805681006,0.0095807234,-0.0902936195,0.1554183776,-0.1593450805,1004.1008837697,0.2249276585,0.0902894755,0.9999541052,0.0008650650
3,8.9310731511,0.0050194326,-0.0903719519,0.1471770340,-0.1669824760,1004.1008837697,0.2294888237,0.0903708134,0.9999874027,0.0004536140
3,8.9815782016,0.0004483555,-0.0906812470,0.1385546207,-0.1744322140,1004.1008837697,0.2340598798,0.0906812379,0.9999998995,0.0000406574
3,9.0320832521,-0.0041441908,-0.0912223088,0.1295610944,-0.1816755163,1004.1008837697,0.2386524142,0.0912215255,0.9999914129,-0.0003780416
3,9.0825883026,-0.0087699440,-0.0919965273,0.1202073312,-0.1886947565,1004.1008837697,0.2432780669,0.0919929895,0.9999615443,-0.0008067941
3,9.1330933532,-0.0134407275,-0.0930058816,0.1105050671,-0.1954735216,1004.1008837697,0.2479485580,0.0929974808,0.9999096748,-0.0012500291
3,9.1835984037,-0.0181684790,-0.0942529446,0.1004668350,-0.2019966744,1004.1008837697,0.2526757148,0.0942373889,0.9998349577,-0.0017123384
3,9.2341034542,-0.0229652818,-0.0957408886,0.0901058990,-0.2082504157,1004.1008837697,0.2574714985,0.0957156427,0.9997363095,-0.0021985232
3,9.2846085047,-0.0278433944,-0.0974734930,0.0794361846,-0.2142223475,1004.1008837697,0.2623480322,0.0974357120,0.9996123977,-0.0027136422
3,9.3351135552,-0.0328152817,-0.0994551521,0.0684722072,-0.2199015355,1004.1008837697,0.2673176278,0.0994016081,0.9994616270,-0.0032630631
3,9.3856186057,-0.0378936463,-0.1016908858,0.0572289959,-0.2252785728,1004.1008837697,0.2723928135,0.1016178841,0.9992821217,-0.0038525163
3,9.4361236562,-0.0430914605,-0.1041863507,0.0457220150,-0.2303456422,1004.1008837697,0.2775863611,0.1040896352,0.9990717067,-0.0044881527
3,9.4866287067,-0.0484219985,-0.1069478526,0.0339670824,-0.2350965789,1004.1008837697,0.2829113136,0.1068224973,0.9988278841,-0.0051766053
3,9.5371337572,-0.0538988696,-0.1099823610,0.0219802839,-0.2395269326,1004.1008837697,0.2883810118,0.1098226454,0.9985478075,-0.0059250552
3,9.5876388077,-0.0595360523,-0.1132975240,0.0097778858,-0.2436340298,1004.1008837697,0.2940091225,0.1130967894,0.9982282527,-0.0067413032
3,9.6381438582,-0.0653479289,-0.1169016859,-0.0026237569,-0.2474170346,1004.1008837697,0.2998096643,0.1166521690,0.9978655838,-0.0076338471
3,9.6886489087,-0.0713493208,-0.1208039045,-0.0152082946,-0.2508770102,1004.1008837697,0.3057970348,0.1204965452,0.9974557168,-0.0086119653
3,9.7391539592,-0.0775555257,-0.1250139714,-0.0279594806,-0.2540169796,1004.1008837697,0.3119860367,0.1246381891,0.9969940774,-0.0096858077
3,9.7896590097,-0.0839823544,-0.1295424322,-0.0408612718,-0.2568419863,1004.1008837697,0.3183919027,0.1290858670,0.9964755543,-0.0108664943
3,9.8401640602,-0.0906461702,-0.1344006089,-0.0538979319,-0.2593591556,1004.1008837697,0.3250303206,0.1338488203,0.9958944483,-0.0121662234
3,9.8906691107,-0.0975639279,-0.1396006230,-0.0670541386,-0.2615777559,1004.1008837697,0.3319174562,0.1389367402,0.9952444140,-0.0135983879
3,9.9411741612,-0.1047532155,-0.1451554197,-0.0803150930,-0.2635092614,1004.1008837697,0.3390699755,0.1443597354,0.9945183973,-0.0151777033
3,9.9916792117,-0.1122322960,-0.1510787938,-0.0936666326,-0.2651674160,1004.1008837697,0.3465050650,0.1501282913,0.9937085640,-0.0169203459
3,10.0421842622,-0.1200201512,-0.1573854158,-0.1070953479,-0.2665682998,1004.1008837697,0.3542404488,0.1562532203,0.9928062233,-0.0188441042
3,10.0926893127,-0.1281365264,-0.1640908589,-0.1205887021,-0.2677303981,1004.1008837697,0.3622944044,0.1627455997,0.9918017418,-0.0209685423
3,10.1431943633,-0.1366019769,-0.1712116272,-0.1341351540,-0.2686746748,1004.1008837697,0.3706857739,0.1696166966,0.9906844492,-0.0233151780
3,10.1689492351,-0.1410601580,-0.1750083226,-0.1410601580,-0.2690798179,1004.1008837697,0.3751010567,0.1732700528,0.9900675020,-0.0246049139
4,10.1689492351,-0.0910601580,-0.1000000000,-0.1910601580,-0.3000000000,1000.0419295667,0.0909343658,0.0995856888,0.9958568879,-0.0090934366
4,10.2194542856,-0.0962404779,-0.1051841505,-0.2060966112,-0.2953674483,1000.0419295667,0.0960919798,0.1046974065,0.9953724586,-0.0101073533
4,10.2699593361,-0.1016893230,-0.1106358186,-0.2208878308,-0.2902940424,1000.0419295667,0.1015141568,0.1100642844,0.9948340947,-0.0112311018
4,10.3204643866,-0.1074205459,-0.1163686385,-0.2354123720,-0.2848126525,1000.0419295667,0.1072140743,0.1156978849,0.9942359590,-0.0124763559
4,10.3709694371,-0.1134487047,-0.1223969214,-0.2496505068,-0.2789583751,1000.0419295667,0.1132055022,0.1216101044,0.9935715949,-0.0138560050
4,10.4214744876,-0.1197890978,-0.1287356857,-0.2635843347,-0.2727685017,1000.0419295667,0.1195028191,0.1278131479,0.9928338613,-0.0153842774
4,10.4719795381,-0.1264578011,-0.1354006881,-0.2771978940,-0.2662824909,1000.0419295667,0.1261210272,0.1343194949,0.9920148620,-0.0170768739
4,10.5224845886,-0.1334717050,-0.1424084554,-0.2904772697,-0.2595419426,1000.0419295667,0.1330757649,0.1411418557,0.9911058676,-0.0189511141
4,10.5729896392,-0.1408485552,-0.1497763167,-0.3034107016,-0.2525905781,1000.0419295667,0.1403833173,0.1482931162,0.9900972297,-0.0210260962
4,10.6234946897,-0.1486069934,-0.1575224362,-0.3159886907,-0.2454742243,1000.0419295667,0.1480606233,0.1557862691,0.9889782868,-0.0233228701
4,10.6739997402,-0.1567666003,-0.1656658458,-0.3282041058,-0.2382408063,1000.0419295667,0.1561252790,0.1636343288,0.9877372613,-0.0258646264
4,10.7245047907,-0.1653479406,-0.1742264781,-0.3400522888,-0.2309403472,1000.0419295667,0.1645955361,0.1718502285,0.9863611456,-0.0286769006
4,10.7750098412,-0.1743726091,-0.1832251986,-0.3515311614,-0.2236249774,1000.0419295667,0.1734902949,0.1804466946,0.9848355789,-0.0317877938
4,10.7938775549,-0.1778623641,-0.1867037485,-0.3557247281,-0.2208992165,1000.0419295667,0.1769260664,0.1837583372,0.9842241447,-0.0330327598
4,10.8443826054,0.1692353830,-0.1667062817,0.3549574719,-0.0195060138,1001.0930556745,0.1854234279,0.1643246889,0.9857138385,0.0280781231
4,10.8948876559,0.1610162769,-0.1588386698,0.3537469172,-0.0285023218,1001.0930556745,0.1935307122,0.1567840698,0.9870648622,0.0254652412
4,10.9453927064,0.1531843287,-0.1513716924,0.3520717377,-0.0378973229,1001.0930556745,0.2012661910,0.1495991610,0.9882902056,0.0230971922
4,10.9958977569,0.1457197720,-0.1442869797,0.3499129804,-0.0476442465,1001.0930556745,0.2086475218,0.1427577755,0.9894016480,0.0209511348
4,11.0464028074,0.1386037458,-0.1375670439,0.3472540429,-0.0576967831,1001.0930556745,0.2156917469,0.1362477579,0.9904098686,0.0190063159
4,11.0969078579,0.1318182506,-0.1311952471,0.3440806492,-0.0680091123,1001.0930556745,0.2224152974,0.1300570689,0.9913245474,0.0172438881
4,11.1474129084,0.1253461065,-0.1251557708,0.3403808249,-0.0785359337,1001.0930556745,0.2288340008,0.1241738558,0.9921544571,0.0156467407
4,11.1979179590,0.1191709124,-0.1194335852,0.3361448693,-0.0892324999,1001.0930556745,0.2349630918,0.1185865081,0.9929075465,0.0141993444
4,11.2484230095,0.1132770070,-0.1140144196,0.3313653272,-0.1000546519,1001.0930556745,0.2408172260,0.1132837032,0.9935910174,0.0128876093
4,11.2989280600,0.1076494313,-0.1088847330,0.3260369578,-0.1109588564,1001.0930556745,0.2464104951,0.1082544421,0.9942113933,0.0116987540
4,11.3494331105,0.1022738923,-0.1040316863,0.3201567026,-0.1219022461,1001.0930556745,0.2517564438,0.1034880773,0.9947745827,0.0106211867
4,11.3999381610,0.0971367281,-0.0994431144,0.3137236501,-0.1328426627,1001.0930556745,0.2568680888,0.0989743332,0.9952859364,0.0096443954
4,11.4504432115,0.0922248750,-0.0951075004,0.3067389993,-0.1437387028,1001.0930556745,0.2617579374,0.0947033220,0.9957502996,0.0087588487
4,11.5009482620,0.0875258351,-0.0910139499,0.2992060203,-0.1545497665,1001.0930556745,0.2664380074,0.0906655539,0.9961720588,0.0079559048
4,11.5514533125,0.0830276453,-0.0871521669,0.2911300120,-0.1652361095,1001.0930556745,0.2709198476,0.0868519438,0.9965551847,0.0072277284
4,11.6019583630,0.0787188481,-0.0835124300,0.2825182582,-0.1757588978,1001.0930556745,0.2752145584,0.0832538146,0.9969032711,0.0065672149
4,11.6524634135,0.0745884628,-0.0800855705,0.2733799795,-0.1860802664,1001.0930556745,0.2793328121,0.0798628981,0.9972195700,0.0059679223
4,11.7029684640,0.0706259584,-0.0768629508,0.2637262833,-0.1961633802,1001.0930556745,0.2832848737,0.0766713332,0.9975070235,0.0054240078
4,11.7534735145,0.0668212271,-0.0738364444,0.2535701100,-0.2059724976,1001.0930556745,0.2870806215,0.0736716630,0.9977682924,0.0049301710
4,11.8039785650,0.0631645589,-0.0709984164,0.2429261761,-0.2154730383,1001.0930556745,0.2907295673,0.0708568301,0.9980057824,0.0044816022
4,11.8544836155,0.0596466177,-0.0683417053,0.2318109137,-0.2246316512,1001.0930556745,0.2942408764,0.0682201711,0.9982216678,0.0040739349
4,11.9049886660,0.0562584170,-0.0658596059,0.2202424070,-0.2334162860,1001.0930556745,0.2976233874,0.0657554102,0.9984179126,0.0037032030
4,11.9554937165,0.0529912983,-0.0635458524,0.2082403243,-0.2417962654,1001.0930556745,0.3008856315,0.0634566525,0.9985962897,0.0033658015
4,12.0059987670,0.0498369085,-0.0613946038,0.1958258471,-0.2497423588,1001.0930556745,0.3040358518,0.0613183762,0.9987583983,0.0030584508
4,12.0565038175,0.0467871791,-0.0594004288,0.1830215953,-0.2572268553,1001.0930556745,0.3070820216,0.0593354257,0.9989056796,0.0027781647
4,12.1070088680,0.0438343058,-0.0575582927,0.1698515481,-0.2642236379,1001.0930556745,0.3100318631,0.0575030040,0.9990394306,0.0025222199
4,12.1575139185,0.0409707291,-0.0558635447,0.1563409622,-0.2707082549,1001.0930556745,0.3128928649,0.0558166649,0.9991608171,0.0022881299
4,12.2080189691,0.0381891145,-0.0543119058,0.1425162857,-0.2766579911,1001.0930556745,0.3156723001,0.0542723062,0.9992708844,0.0020736195
4,12.2585240196,0.0354823349,-0.0528994588,0.1284050684,-0.2820519354,1001.0930556745,0.3183772427,0.0528661622,0.9993705680,0.0018766025
4,12.3090290701,0.0328434518,-0.0516226374,0.1140358696,-0.2868710453,1001.0930556745,0.3210145853,0.0515947974,0.9994607023,0.0016951608
4,12.3595341206,0.0302656983,-0.0504782176,0.0994381617,-0.2910982076,1001.0930556745,0.3235910549,0.0504551000,0.9995420287,0.0015275253
4,12.4100391711,0.0277424618,-0.0494633095,0.0846422316,-0.2947182937,1001.0930556745,0.3261132294,0.0494442761,0.9996152026,0.0013720580
4,12.4605442216,0.0252672674,-0.0485753495,0.0696790789,-0.2977182098,1001.0930556745,0.3285875538,0.0485598442,0.9996807996,0.0012272357
4,12.5110492721,0.0228337616,-0.0478120939,0.0545803123,-0.3000869409,1001.0930556745,0.3310203553,0.0477996303,0.9997393210,0.0010916351
4,12.5615543226,0.0204356962,-0.0471716132,0.0393780437,-0.3018155872,1001.0930556745,0.3334178589,0.0471617637,0.9997911984,0.0009639177
4,12.6120593731,0.0180669127,-0.0466522870,0.0241047801,-0.3028973942,1001.0930556745,0.3357862029,0.0466446732,0.9998367978,0.0008428169
4,12.6355987696,0.0169711631,-0.0464512516,0.0169711631,-0.3031792368,1001.0930556745,0.3368817843,0.0464445623,0.9998559933,0.0007882939
5,12.6355987696,0.0669711631,-0.1000000000,-0.0330288369,-0.3000000000,1003.3675895348,-0.0669211118,0.0997758270,0.9977582697,0.0066921112
5,12.6861038201,0.0619923738,-0.0972020291,-0.0480606101,-0.2951747738,1003.3675895348,-0.0619526747,0.0970153125,0.9980790881,0.0060219257
5,12.7366088706,0.0571485946,-0.0946524711,-0.0628360855,-0.2898515469,1003.3675895348,-0.0571174922,0.0944979475,0.9983674635,0.0054063118
5,12.7871139211,0.0524274451,-0.0923448719,-0.0773302725,-0.2840370567,1003.3675895348,-0.0524034310,0.0922179897,0.9986259963,0.0048391881
5,12.8376189716,0.0478168552,-0.0902733816,-0.0915185756,-0.2777402029,1003.3675895348,-0.0477986355,0.0901701984,0.9988569920,0.0043149445
5,12.8881240221,0.0433050356,-0.0884327416,-0.1053769016,-0.2709719679,1003.3675895348,-0.0432915017,0.0883498344,0.9990624835,0.0038283862
5,12.9386290726,0.0388804478,-0.0868182722,-0.1188817632,-0.2637453353,1003.3675895348,-0.0388706527,0.0867526594,0.9992442506,0.0033746829
5,12.9891341231,0.0345317751,-0.0854258624,-0.1320103773,-0.2560752061,1003.3675895348,-0.0345249127,0.0853749347,0.9994038375,0.0029493204
5,13.0396391737,0.0302478945,-0.0842519600,-0.1447407601,-0.2479783132,1003.3675895348,-0.0302432823,0.0842134204,0.9995425673,0.0025480558
5,13.0901442242,0.0260178484,-0.0832935643,-0.1570518173,-0.2394731347,1003.3675895348,-0.0260149131,0.0832653740,0.9996615549,0.0021668748
5,13.1406492747,0.0218308168,-0.0825482183,-0.1689234302,-0.2305798066,1003.3675895348,-0.0218290828,0.0825285485,0.9997617172,0.0018019519
5,13.1911543252,0.0176760904,-0.0820140041,-0.1803365370,-0.2213200355,1003.3675895348,-0.0176751699,0.0820011920,0.9998437820,0.0014496115
5,13.2416593757,0.0135430431,-0.0816895379,-0.1912732099,-0.2117170112,1003.3675895348,-0.0135426291,0.0816820465,0.9999082944,0.0011062911
5,13.2921644262,0.0094211055,-0.0815739673,-0.2017167282,-0.2017953207,1003.3675895348,-0.0094209661,0.0815703472,0.9999556217,0.0007685056
5,13.3426694767,0.0052997374,-0.0816669695,-0.2116516462,-0.1915808625,1003.3675895348,-0.0052997126,0.0816658226,0.9999859564,0.0004328115
5,13.3931745272,0.0011684021,-0.0819687503,-0.2210638577,-0.1811007633,1003.3675895348,-0.0011684019,0.0819686944,0.9999993174,0.0000957724
5,13.4436795777,-0.0029834612,-0.0824800455,-0.2299406559,-0.1703832964,1003.3675895348,0.0029834568,0.0824796784,0.9999955495,-0.0002460757
5,13.4941846282,-0.0071664638,-0.0832021221,-0.2382707890,-0.1594578014,1003.3675895348,0.0071664025,0.0831999855,0.9999743210,-0.0005962599
5,13.5446896787,-0.0113912945,-0.0841367816,-0.2460445124,-0.1483546079,1003.3675895348,0.0113910481,0.0841313228,0.9999351199,-0.0009584061
5,13.5951947292,-0.0156687466,-0.0852863648,-0.2532536369,-0.1371049599,1003.3675895348,0.0156681054,0.0852758957,0.9998772477,-0.0013362758
5,13.6456997797,-0.0200097453,-0.0866537567,-0.2598915725,-0.1257409443,1003.3675895348,0.0200084101,0.0866364096,0.9997998117,-0.0017338039
5,13.6962048302,-0.0244253756,-0.0882423938,-0.2659533698,-0.1142954209,1003.3675895348,0.0244229470,0.0882160725,0.9997017153,-0.0021551393
5,13.7467098807,-0.0289269101,-0.0900562723,-0.2714357570,-0.1028019561,1003.3675895348,0.0289228760,0.0900185969,0.9995816461,-0.0026046864
5,13.7972149312,-0.0335258373,-0.0920999568,-0.2763371742,-0.0912947576,1003.3675895348,0.0335195572,0.0920482023,0.9994380618,-0.0030871498
5,13.8477199817,-0.0382338911,-0.0943785919,-0.2806578039,-0.0798086133,1003.3675895348,0.0382245765,0.0943096175,0.9992691738,-0.0036075817
5,13.8982250322,-0.0430630800,-0.0968979131,-0.2843995989,-0.0683788311,1003.3675895348,0.0430497716,0.0968080818,0.9990729289,-0.0041714330
5,13.9487300827,-0.0480257174,-0.0996642607,-0.2875663073,-0.0570411808,1003.3675895348,0.0480072579,0.0995493465,0.9988469869,-0.0047846079
5,13.9992351333,-0.0531344525,-0.1026845939,-0.2901634942,-0.0458318384,1003.3675895348,0.0531094539,0.1025396748,0.9985886971,-0.0054535227
5,14.0497401838,-0.0584023019,-0.1059665067,-0.2921985608,-0.0347873316,1003.3675895348,0.0583691075,0.1057858412,0.9982950702,-0.0061851704
5,14.1002452343,-0.0638426822,-0.1095182447,-0.2936807609,-0.0239444863,1003.3675895348,0.0637993218,0.1092951285,0.9979627481,-0.0069871897
5,14.1507502848,-0.0694694431,-0.1133487238,-0.2946212147,-0.0133403740,1003.3675895348,0.0694135800,0.1130753231,0.9975879685,-0.0078679407
5,14.2012553353,-0.0752969022,-0.1174675495,-0.2950329198,-0.0030122610,1003.3675895348,0.0752257715,0.1171347084,0.9971665274,-0.0088365870
5,14.2517603858,-0.0813398797,-0.1218850375,-0.2949307597,0.0070024435,1003.3675895348,0.0812502162,0.1214820534,0.9966937355,-0.0099031857
5,14.3022654363,-0.0876137357,-0.1266122365,-0.2943315099,0.0166662379,1003.3675895348,0.0875016891,0.1261265990,0.9961643712,-0.0110787846
5,14.3527704868,-0.0941344068,-0.1316609507,-0.2932538410,0.0259415786,1003.3675895348,0.0939954431,0.1310780386,0.9955726275,-0.0123755294
5,14.4032755373,-0.1009184457,-0.1370437645,-0.2917183199,0.0347909307,1003.3675895348,0.1007472317,0.1363464932,0.9949120541,-0.0138067799
5,14.4537805878,-0.1079830608,-0.1427740682,-0.2897474080,0.0431768189,1003.3675895348,0.1077733299,0.1419424795,0.9941754922,-0.0153872368
5,14.5042856383,-0.1153461577,-0.1488660839,-0.2873654567,0.0510618771,1003.3675895348,0.1150905528,0.1478768694,0.9933550043,-0.0171330799
5,14.5547906888,-0.1230263818,-0.1553348935,-0.2845987006,0.0584088992,1003.3675895348,0.1227162725,0.1541608405,0.9924417950,-0.0190621191
5,14.6052957393,-0.1310431627,-0.1621964664,-0.2814752487,0.0651808888,1003.3675895348,0.1306684322,0.1608058141,0.9914261247,-0.0211939580
5,14.6538283447,-0.1390827814,-0.1691758124,-0.2781655629,0.0711124513,1003.3675895348,0.1386348116,0.1675421782,0.9903435712,-0.0234536569
5,14.7043333952,0.1310299430,-0.1562990929,0.2776736092,-0.0132992421,1004.7838809643,0.1466142973,0.1549592740,0.9914278520,0.0204213089
5,14.7548384457,0.1232883309,-0.1503334625,0.2768154018,-0.0207500617,1004.7838809643,0.1542933857,0.1491923737,0.9924096155,0.0184874436
5,14.8053434962,0.1158383295,-0.1447489285,0.2755714572,-0.0285683502,1004.7838809643,0.1616901831,0.1437788559,0.9932982397,0.0167300001
5,14.8558485467,0.1086610446,-0.1395316555,0.2739241362,-0.0367177247,1004.7838809643,0.1688222832,0.1387087250,0.9941021952,0.0151318369
5,14.9063535973,0.1017382586,-0.1346686882,0.2718576298,-0.0451621072,1004.7838809643,0.1757067837,0.1339723334,0.9948291258,0.0136773344
5,14.9568586478,0.0950523863,-0.1301479263,0.2693579426,-0.0538657591,1004.7838809643,0.1823603046,0.1295604285,0.9954859222,0.0123522510
5,15.0073636983,0.0885864325,-0.1259581008,0.2664128748,-0.0627933190,1004.7838809643,0.1887990097,0.1254641923,0.9960787873,0.0111435905
5,15.0578687488,0.0823239510,-0.1220887512,0.2630120022,-0.0719098418,1004.7838809643,0.1950386288,0.1216752728,0.9966132969,0.0100394794
5,15.1083737993,0.0762490035,-0.1185302038,0.2591466541,-0.0811808389,1004.7838809643,0.2010944823,0.1181858087,0.9970944529,0.0090290550
5,15.1588788498,0.0703461212,-0.1152735517,0.2548098894,-0.0905723217,1004.7838809643,0.2069815065,0.1149884493,0.9975267318,0.0081023609
5,15.2093839003,0.0646002658,-0.1123106360,0.2499964697,-0.1000508458,1004.7838809643,0.2127142796,0.1120763704,0.9979141284,0.0072502517
5,15.2598889508,0.0589967929,-0.1096340276,0.2447028314,-0.1095835578,1004.7838809643,0.2183070486,0.1094432857,0.9982601939,0.0064643045
5,15.3103940013,0.0535214150,-0.1072370117,0.2389270540,-0.1191382439,1004.7838809643,0.2237737569,0.1070834559,0.9985680709,0.0057367368
5,15.3608990518,0.0481601662,-0.1051135724,0.2326688266,-0.1286833811,1004.7838809643,0.2291280719,0.1049916957,0.9988405233,0.0050603304
5,15.4114041023,0.0428993669,-0.1032583798,0.2259294120,-0.1381881893,1004.7838809643,0.2343834134,0.1031633783,0.9990799633,0.0044283605
5,15.4619091528,0.0377255897,-0.1016667777,0.2187116077,-0.1476226875,1004.7838809643,0.2395529815,0.1015944392,0.9992884743,0.0038345294
5,15.5124142033,0.0326256254,-0.1003347731,0.2110197040,-0.1569577505,1004.7838809643,0.2446497854,0.1002813781,0.9994678315,0.0032729040
5,15.5629192538,0.0275864503,-0.0992590273,0.2028594390,-0.1661651686,1004.7838809643,0.2496866717,0.0992212610,0.9996195180,0.0027378569
5,15.6134243043,0.0225951926,-0.0984368479,0.1942379514,-0.1752177099,1004.7838809643,0.2546763531,0.0984117208,0.9997447395,0.0022240103
5,15.6639293548,0.0176391005,-0.0978661826,0.1851637293,-0.1840891838,1004.7838809643,0.2596314374,0.0978509581,0.9998444351,0.0017261819
5,15.7144344053,0.0127055096,-0.0975456148,0.1756465556,-0.1927545072,1004.7838809643,0.2645644554,0.0975377416,0.9999192861,0.0012393334
5,15.7649394558,0.0077818113,-0.0974743597,0.1656974508,-0.2011897721,1004.7838809643,0.2694878905,0.0974714083,0.9999697219,0.0007585194
5,15.8154445063,0.0028554205,-0.0976522624,0.1553286117,-0.2093723154,1004.7838809643,0.2744142066,0.0976518643,0.9999959233,0.0002788379
5,15.8659495568,-0.0020862559,-0.0980797978,0.1445533468,-0.2172807897,1004.7838809643,0.2793558775,0.0980795844,0.9999978238,-0.0002046194
5,15.9164546074,-0.0070558506,-0.0987580711,0.1333860080,-0.2248952361,1004.7838809643,0.2843254153,0.0987556128,0.9999751076,-0.0006968164
5,15.9669596579,-0.0120660687,-0.0996888204,0.1218419185,-0.2321971566,1004.7838809643,0.2893353991,0.0996815636,0.9999272059,-0.0012028230
5,16.0174647084,-0.0171297185,-0.1008744202,0.1099372976,-0.2391695891,1004.7838809643,0.2943985040,0.1008596209,0.9998532900,-0.0017278659
5,16.0679697589,-0.0222597449,-0.1023178872,0.0976891805,-0.2457971810,1004.7838809643,0.2995275298,0.1022925392,0.9997522621,-0.0022773820
5,16.1184748094,-0.0274692612,-0.1040228863,0.0851153360,-0.2520662644,1004.7838809643,0.3047354300,0.1039836430,0.9996227436,-0.0028570725
5,16.1689798599,-0.0327715824,-0.1059937395,0.0722341787,-0.2579649302,1004.7838809643,0.3100353399,0.1059368272,0.9994630598,-0.0034729608
5,16.2194849104,-0.0381802587,-0.1082354346,0.0590646790,-0.2634831020,1004.7838809643,0.3154406065,0.1081565551,0.9992712225,-0.0041314530
5,16.2699899609,-0.0437091092,-0.1107536373,0.0456262682,-0.2686126098,1004.7838809643,0.3209648161,0.1106478575,0.9990449090,-0.0048394016
5,16.3204950114,-0.0493722564,-0.1135547026,0.0319387407,-0.2733472618,1004.7838809643,0.3266218236,0.1134163291,0.9987814377,-0.0056041744
5,16.3710000619,-0.0551841616,-0.1166456895,0.0180221520,-0.2776829162,1004.7838809643,0.3324257804,0.1164681245,0.9984777405,-0.0064337280
5,16.4215051124,-0.0611596607,-0.1200343762,0.0038967137,-0.2816175508,1004.7838809643,0.3383911630,0.1198099516,0.9981303309,-0.0073366859
5,16.4720101629,-0.0673140008,-0.1237292765,-0.0104173156,-0.2851513319,1004.7838809643,0.3445328002,0.1234490629,0.9977352680,-0.0083224242
5,16.5225152134,-0.0736628781,-0.1277396585,-0.0248997423,-0.2882866820,1004.7838809643,0.3508659009,0.1273932434,0.9972881168,-0.0094011634
5,16.5730202639,-0.0802224763,-0.1320755636,-0.0395305534,-0.2910283454,1004.7838809643,0.3574060800,0.1316507958,0.9967839025,-0.0105840677
5,16.6235253144,-0.0870095063,-0.1367478280,-0.0542900358,-0.2933834542,1004.7838809643,0.3641693845,0.1362305192,0.9962170604,-0.0118833536
5,16.6740303649,-0.0940412466,-0.1417681040,-0.0691588980,-0.2953615926,1004.7838809643,0.3711723181,0.1411416846,0.9955813798,-0.0133124070
5,16.7245354154,-0.1013355854,-0.1471488840,-0.0841183961,-0.2969748609,1004.7838809643,0.3784318634,0.1463940017,0.9948699418,-0.0148859108
5,16.7750404659,-0.1089110637,-0.1529035247,-0.0991504618,-0.2982379404,1004.7838809643,0.3859655042,0.1519975790,0.9940750502,-0.0166199833
5,16.8255455164,-0.1167869192,-0.1590462725,-0.1142378353,-0.2991681589,1004.7838809643,0.3937912436,0.1579628740,0.9931881554,-0.0185323294
5,16.8438716791,-0.1197228755,-0.1613741057,-0.1197228755,-0.2994272096,1004.7838809643,0.3967066943,0.1602189532,0.9928417729,-0.0192740505
6,16.8438716791,-0.0697228755,-0.1000000000,-0.1697228755,-0.3000000000,1001.9487076040,0.0696663988,0.0997570345,0.9975703448,-0.0069666399
6,16.8943767296,-0.0748760643,-0.1041096230,-0.1847581058,-0.2953173539,1001.9487076040,0.0748061194,0.1038179179,0.9971980969,-0.0077880369
6,16.9448817801,-0.0802434659,-0.1084846002,-0.1995452886,-0.2901819986,1001.9487076040,0.0801573788,0.1081355207,0.9967822203,-0.0086958412
6,16.9953868306,-0.0858387562,-0.1131358956,-0.2140622872,-0.2846230986,1001.9487076040,0.0857333808,0.1127193423,0.9963181156,-0.0096995228
6,17.0458918811,-0.0916761815,-0.1180751490,-0.2282884924,-0.2786719831,1001.9487076040,0.0915478197,0.1175793138,0.9958006812,-0.0108095225
6,17.0963969316,-0.0977705940,-0.1233147018,-0.2422049314,-0.2723621065,1001.9487076040,0.0976149021,0.1227257830,0.9952242616,-0.0120373525
6,17.1469019821,-0.1041374872,-0.1288676230,-0.2557943737,-0.2657290094,1001.9487076040,0.1039493673,0.1281694943,0.9945825904,-0.0133957079
6,17.1974070326,-0.1107930335,-0.1347477371,-0.2690414358,-0.2588102822,1001.9487076040,0.1105665067,0.1339215620,0.9938687275,-0.0148985866
6,17.2479120831,-0.1177541234,-0.1409696517,-0.2819326836,-0.2516455314,1001.9487076040,0.1174821816,0.1399934355,0.9930749906,-0.0165614222
6,17.2984171336,-0.1250384056,-0.1475487873,-0.2944567336,-0.2442763492,1001.9487076040,0.1247128392,0.1463968559,0.9921928783,-0.0184012282
6,17.3489221841,-0.1326643285,-0.1545014067,-0.3066043528,-0.2367462892,1001.9487076040,0.1322755260,0.1531438008,0.9912129868,-0.0204367548
6,17.3994272347,-0.1406511839,-0.1618446453,-0.3183685567,-0.2291008470,1001.9487076040,0.1401878977,0.1602464161,0.9901249180,-0.0226886606
6,17.4499322852,-0.1490191517,-0.1695965418,-0.3297447074,-0.2213874483,1001.9487076040,0.1484682263,0.1677169336,0.9889171784,-0.0251796978
6,17.5004373357,-0.1577893463,-0.1777760690,-0.3407306109,-0.2136554453,1001.9487076040,0.1571354015,0.1755675690,0.9875770682,-0.0279349140
6,17.5509423862,-0.1669838646,-0.1864031643,-0.3513266145,-0.2059561214,1001.9487076040,0.1662089270,0.1838104006,0.9860905600,-0.0309818699
6,17.6014474367,-0.1766258354,-0.1954987597,-0.3615357047,-0.1983427071,1001.9487076040,0.1757089100,0.1924572225,0.9844421664,-0.0343508740
6,17.6421904157,-0.1847466691,-0.2031926296,-0.3694933382,-0.1923010601,1001.9487076040,0.1836975195,0.1997348637,0.9829828184,-0.0373259820
6,17.6926954662,0.1753977106,-0.1808417703,0.3686291942,-0.0215195078,1002.5484216968,0.1928952790,0.1780671541,0.9846572164,0.0315568455
6,17.7432005167,0.1664721632,-0.1726840614,0.3673114211,-0.0307416561,1002.5484216968,0.2016907177,0.1702967872,0.9861754803,0.0286144952
6,17.7937055672,0.1579475503,-0.1649615369,0.3655165776,-0.0404033109,1002.5484216968,0.2101034009,0.1629081281,0.9875521964,0.0259470704
6,17.8442106177,0.1498023740,-0.1576553007,0.3632237019,-0.0504556343,1002.5484216968,0.2181523163,0.1558896546,0.9888005915,0.0235289063
6,17.8947156682,0.1420160669,-0.1507474070,0.3604142857,-0.0608503088,1002.5484216968,0.2258558676,0.1492297809,0.9899326558,0.0213366631
6,17.9452207187,0.1345689442,-0.1442208300,0.3570722472,-0.0715395628,1002.5484216968,0.2332318742,0.1429169662,0.9909592551,0.0193491230
6,17.9957257692,0.1274421589,-0.1380594345,0.3531839029,-0.0824761977,1002.5484216968,0.2402975754,0.1369398047,0.9918902332,0.0175470039
6,18.0462308197,0.1206176566,-0.1322479466,0.3487379383,-0.0936136177,1002.5484216968,0.2470696398,0.1312870999,0.9927345054,0.0159127870
6,18.0967358702,0.1140781333,-0.1267719245,0.3437253758,-0.1049058631,1002.5484216968,0.2535641767,0.1259479252,0.9935001433,0.0144305575
6,18.1472409207,0.1078069941,-0.1216177308,0.3381395428,-0.1163076452,1002.5484216968,0.2597967519,0.1209116732,0.9941944521,0.0130858595
6,18.1977459712,0.1017883130,-0.1167725051,0.3319760357,-0.1277743854,1002.5484216968,0.2657824040,0.1161680954,0.9948240409,0.0118655619
6,18.2482510217,0.0960067944,-0.1122241378,0.3252326839,-0.1392622565,1002.5484216968,0.2715356639,0.1117073330,0.9953948866,0.0107577357
6,18.2987560722,0.0904477359,-0.1079612447,0.3179095103,-0.1507282278,1002.5484216968,0.2770705750,0.1075199414,0.9959123913,0.0097515416
6,18.3492611227,0.0850969924,-0.1039731427,0.3100086898,-0.1621301142,1002.5484216968,0.2824007143,0.1035969091,0.9963814354,0.0088371270
6,18.3997661732,0.0799409410,-0.1002498266,0.3015345055,-0.1734266282,1002.5484216968,0.2875392153,0.0999296712,0.9968064242,0.0080055325
6,18.4502712238,0.0749664474,-0.0967819475,0.2924933021,-0.1845774365,1002.5484216968,0.2924987900,0.0965101191,0.9971913316,0.0072486048
6,18.5007762743,0.0701608334,-0.0935607913,0.2828934355,-0.1955432197,1002.5484216968,0.2972917530,0.0933306072,0.9975397382,0.0065589189
6,18.5512813248,0.0655118455,-0.0905782592,0.2727452210,-0.2062857362,1002.5484216968,0.3019300441,0.0903839567,0.9978548664,0.0059297053
6,18.6017863753,0.0610076237,-0.0878268494,0.2620608764,-0.2167678899,1002.5484216968,0.3064252526,0.0876634574,0.9981396121,0.0053547843
6,18.6522914258,0.0566366725,-0.0852996395,0.2508544625,-0.2269538014,1002.5484216968,0.3107886407,0.0851628677,0.9983965723,0.0048285054
6,18.7027964763,0.0523878315,-0.0829902701,0.2391418203,-0.2368088813,1002.5484216968,0.3150311671,0.0828764134,0.9986280714,0.0043456919
6,18.7533015268,0.0482502477,-0.0808929300,0.2269405032,-0.2462999081,1002.5484216968,0.3191635109,0.0807987854,0.9988361826,0.0039015896
6,18.8038065773,0.0442133481,-0.0790023423,0.2142697063,-0.2553951069,1002.5484216968,0.3231960944,0.0789251372,0.9990227491,0.0034918201
6,18.8543116278,0.0402668128,-0.0773137514,0.2011501915,-0.2640642306,1002.5484216968,0.3271391069,0.0772510810,0.9991894014,0.0031123371
6,18.9048166783,0.0364005493,-0.0758229119,0.1876042078,-0.2722786420,1002.5484216968,0.3310025275,0.0757726848,0.9993375732,0.0027593862
6,18.9553217288,0.0326046670,-0.0745260776,0.1736554081,-0.2800113962,1002.5484216968,0.3347961485,0.0744864681,0.9994685149,0.0024294674
6,19.0058267793,0.0288694517,-0.0734199925,0.1593287618,-0.2872373232,1002.5484216968,0.3385295973,0.0733893988,0.9995833063,0.0021193005
6,19.0563318298,0.0251853418,-0.0725018826,0.1446504631,-0.2939331085,1002.5484216968,0.3422123596,0.0724788898,0.9996828660,0.0018257917
6,19.1068368803,0.0215429036,-0.0717694488,0.1296478349,-0.3000773725,1002.5484216968,0.3458538016,0.0717527955,0.9997679606,0.0015460027
6,19.1573419308,0.0179328078,-0.0712208612,0.1143492295,-0.3056507466,1002.5484216968,0.3494631924,0.0712094098,0.9998392115,0.0012771216
6,19.2078469813,0.0143458055,-0.0708547540,0.0987839252,-0.3106359459,1002.5484216968,0.3530497256,0.0708474631,0.9998971007,0.0010164337
6,19.2583520318,0.0107727053,-0.0706702221,0.0829820192,-0.3150178372,1002.5484216968,0.3566225420,0.0706661215,0.9999419750,0.0007612948
6,19.3088570823,0.0072043501,-0.0706668184,0.0669743171,-0.3187835016,1002.5484216968,0.3601907512,0.0706649846,0.9999740488,0.0005091041
6,19.3593621328,0.0036315937,-0.0708445528,0.0507922202,-0.3219222915,1002.5484216968,0.3637634533,0.0708440856,0.9999934058,0.0002572781
6,19.4098671833,0.0000452776,-0.0712038915,0.0344676089,-0.3244258800,1002.5484216968,0.3673497613,0.0712038914,0.9999999990,0.0000032239
6,19.4603722339,-0.0035637912,-0.0717457582,0.0180327247,-0.3262883043,1002.5484216968,0.3709588226,0.0717453026,0.9999936497,-0.0002556864
6,19.5108772844,-0.0072048645,-0.0724715363,0.0015200497,-0.3275060001,1002.5484216968,0.3745998412,0.0724696553,0.9999740451,-0.0005221431
6,19.5450930762,-0.0096945069,-0.0730686505,-0.0096945069,-0.3279639299,1002.5484216968,0.3770893940,0.0730652169,0.9999530086,-0.0007083534
7,19.5450930762,0.0403054931,-0.1000000000,-0.0596945069,-0.3000000000,1004.5586351114,-0.0402945811,0.0999187844,0.9991878436,0.0040294581
7,19.5955981267,0.0352926853,-0.0985494951,-0.0747266014,-0.2951879209,1004.5586351114,-0.0352853591,0.0984881262,0.9993772778,0.0034773543
7,19.6461031772,0.0303467548,-0.0973510943,-0.0895031626,-0.2898825414,1004.5586351114,-0.0303420972,0.0973062712,0.9995395726,0.0029538364
7,19.6966082277,0.0254550489,-0.0964017498,-0.1039995457,-0.2840948787,1004.5586351114,-0.0254523000,0.0963705193,0.9996760377,0.0024536463
7,19.7471132782,0.0206050526,-0.0956990402,-0.1181917157,-0.2778380606,1004.5586351114,-0.0206035946,0.0956787255,0.9997877234,0.0019717442
7,19.7976183287,0.0157843577,-0.0952411650,-0.1320563523,-0.2711272531,1004.5586351114,-0.0157837023,0.0952293007,0.9998754296,0.0015032582
7,19.8481233792,0.0109806314,-0.0950269406,-0.1455709513,-0.2639795853,1004.5586351114,-0.0109804107,0.0950212118,0.9999397135,0.0010434348
7,19.8986284297,0.0061815849,-0.0950557982,-0.1587139214,-0.2564140717,1004.5586351114,-0.0061815455,0.0950539821,0.9999808941,0.0005875917
7,19.9491334802,0.0013749429,-0.0953277824,-0.1714646777,-0.2484515336,1004.5586351114,-0.0013749425,0.0953276922,0.9999990548,0.0001310702
7,19.9996385307,-0.0034515878,-0.0958435515,-0.1838037307,-0.2401145200,1004.5586351114,0.0034515809,0.0958429806,0.9999940433,-0.0003308118
7,20.0501435812,-0.0083103491,-0.0966043798,-0.1957127718,-0.2314272273,1004.5586351114,0.0083102535,0.0966010440,0.9999654692,-0.0008028069
7,20.1006486318,-0.0132137631,-0.0976121605,-0.2071747542,-0.2224154201,1004.5586351114,0.0132133785,0.0976036389,0.9999126995,-0.0012897864
7,20.1511536823,-0.0181743628,-0.0988694102,-0.2181739706,-0.2131063523,1004.5586351114,0.0181733623,0.0988530820,0.9998348508,-0.0017967896
7,20.2016587328,-0.0232048246,-0.1003792750,-0.2286961259,-0.2035286899,1004.5586351114,0.0232027422,0.1003522509,0.9997307801,-0.0023290744
7,20.2521637833,-0.0283179996,-0.1021455383,-0.2387284067,-0.1937124349,1004.5586351114,0.0283142150,0.1021045853,0.9995990722,-0.0028921707
7,20.3026688338,-0.0335269464,-0.1041726289,-0.2482595474,-0.1836888519,1004.5586351114,0.0335206657,0.1041140864,0.9994380246,-0.0034919359
7,20.3531738843,-0.0388449636,-0.1064656318,-0.2572798916,-0.1734903969,1004.5586351114,0.0388351953,0.1063853173,0.9992456293,-0.0041346136
7,20.4036789348,-0.0442856237,-0.1090302997,-0.2657814507,-0.1631506489,1004.5586351114,0.0442711495,0.1089234012,0.9990195520,-0.0048268967
7,20.4541839853,-0.0498628066,-0.1118730659,-0.2737579590,-0.1527042441,1004.5586351114,0.0498421469,0.1117340198,0.9987571078,-0.0055759938
7,20.5046890358,-0.0555907348,-0.1150010587,-0.2812049256,-0.1421868136,1004.5586351114,0.0555621069,0.1148234089,0.9984552330,-0.0063897011
7,20.5551940863,-0.0614840085,-0.1184221171,-0.2881196828,-0.1316349239,1004.5586351114,0.0614452780,0.1181983531,0.9981104537,-0.0072764799
7,20.6056991368,-0.0675576424,-0.1221448083,-0.2945014324,-0.1210860213,1004.5586351114,0.0675062649,0.1218661777,0.9977188503,-0.0082455398
7,20.6562041873,-0.0738271023,-0.1261784454,-0.3003512882,-0.1105783781,1004.5586351114,0.0737600555,0.1258347375,0.9972760171,-0.0093069291
7,20.7067092378,-0.0803083439,-0.1305331081,-0.3056723171,-0.1001510440,1004.5586351114,0.0802220479,0.1301124022,0.9967770177,-0.0104716333
7,20.7572142883,-0.0870178517,-0.1352196631,-0.3104695766,-0.0898437982,1004.5586351114,0.0869080752,0.1347080372,0.9962163352,-0.0117516806
7,20.8077193388,-0.0939726793,-0.1402497863,-0.3147501508,-0.0796971068,1004.5586351114,0.0938344303,0.1396309785,0.9955878162,-0.0131602588
7,20.8582243893,-0.1011904909,-0.1456359868,-0.3185231841,-0.0697520812,1004.5586351114,0.1010178890,0.1448910019,0.9948846094,-0.0147118400
7,20.9087294398,-0.1086896041,-0.1513916309,-0.3217999126,-0.0600504404,1004.5586351114,0.1084757310,0.1504982837,0.9940990976,-0.0164223178
7,20.9592344903,-0.1164890338,-0.1575309677,-0.3245936942,-0.0506344757,1004.5586351114,0.1162257590,0.1564633521,0.9932228214,-0.0183091563
7,21.0097395408,-0.1246085372,-0.1640691553,-0.3269200363,-0.0415470178,1004.5586351114,0.1242863154,0.1627970282,0.9922463967,-0.0203915508
7,21.0602445914,-0.1330686608,-0.1710222883,-0.3287966224,-0.0328314068,1004.5586351114,0.1326762946,0.1695103526,0.9911594225,-0.0226906035
7,21.1107496419,-0.1418907881,-0.1784074250,-0.3302433375,-0.0245314651,1004.5586351114,0.1414151527,0.1766144982,0.9899503799,-0.0252295132
7,21.1612546924,-0.1510971889,-0.1862426151,-0.3312822912,-0.0166914731,1004.5586351114,0.1505229110,0.1841206638,0.9886065210,-0.0280337806
7,21.2117597429,-0.1607110705,-0.1945469279,-0.3319378408,-0.0093561481,1004.5586351114,0.1600201545,0.1920399470,0.9871137473,-0.0311314295
7,21.2389834715,-0.1660707118,-0.1992248071,-0.3321414236,-0.0056273497,1004.5586351114,0.1653084064,0.1964838569,0.9862419230,-0.0329335354
7,21.2894885220,0.1567557180,-0.1806348563,0.3314208253,-0.0183271726,1005.4261309672,0.1745022828,0.1784200851,0.9877389602,0.0281997257
7,21.3399935725,0.1478170926,-0.1734091875,0.3302821168,-0.0268419508,1005.4261309672,0.1833374304,0.1715181485,0.9890949315,0.0255395980
7,21.3904986230,0.1392322614,-0.1666217455,0.3287021848,-0.0357922830,1005.4261309672,0.1918339663,0.1650093198,0.9903228370,0.0231242402
7,21.4410036735,0.1309795164,-0.1602558859,0.3266601404,-0.0451343340,1005.4261309672,0.2000114814,0.1588832044,0.9914344393,0.0209302731
7,21.4915087240,0.1230379651,-0.1542959457,0.3241372975,-0.0548247078,1005.4261309672,0.2078890446,0.1531295260,0.9924403735,0.0189363971
7,21.5420137746,0.1153874818,-0.1487272172,0.3211171500,-0.0648204780,1005.4261309672,0.2154852107,0.1477382180,0.9933502475,0.0171232028
7,21.5925188251,0.1080086603,-0.1435359216,0.3175853476,-0.0750792196,1005.4261309672,0.2228180326,0.1426994995,0.9941727330,0.0154729973
7,21.6430238756,0.1008827671,-0.1387091840,0.3135296689,-0.0855590440,1005.4261309672,0.2299050783,0.1380039377,0.9949156479,0.0139696425
7,21.6935289261,0.0939916967,-0.1342350087,0.3089399939,-0.0962186369,1005.4261309672,0.2367634490,0.1336424996,0.9955860315,0.0125984071
7,21.7440339766,0.0873179279,-0.1301022566,0.3038082738,-0.1070172976,1005.4261309672,0.2434098008,0.1296065945,0.9961902113,0.0113458291
7,21.7945390271,0.0808444807,-0.1263006224,0.2981284991,-0.1179149821,1005.4261309672,0.2498603677,0.1258881074,0.9967338645,0.0101995893
7,21.8450440776,0.0745548751,-0.1228206141,0.2918966652,-0.1288723482,1005.4261309672,0.2561309866,0.1224794273,0.9972220724,0.0091483949
7,21.8955491281,0.0684330904,-0.1196535334,0.2851107356,-0.1398508044,1005.4261309672,0.2622371230,0.1193734687,0.9976593697,0.0081818715
7,21.9460541786,0.0624635253,-0.1167914572,0.2777706030,-0.1508125611,1005.4261309672,0.2681938986,0.1165636891,0.9980497882,0.0072904631
7,21.9965592291,0.0566309597,-0.1142272210,0.2698780470,-0.1617206861,1005.4261309672,0.2740161181,0.1140441029,0.9983968957,0.0064653401
7,22.0470642796,0.0509205165,-0.1119544033,0.2614366899,-0.1725391627,1005.4261309672,0.2797182988,0.1118092914,0.9987038306,0.0056983128
7,22.0975693301,0.0453176244,-0.1099673115,0.2524519485,-0.1832329516,1005.4261309672,0.2853146983,0.1098544116,0.9989733322,0.0049817517
7,22.1480743806,0.0398079813,-0.1082609694,0.2429309830,-0.1937680565,1005.4261309672,0.2908193446,0.1081752015,0.9992077669,0.0043085125
7,22.1985794311,0.0343775188,-0.1068311063,0.2328826432,-0.2041115930,1005.4261309672,0.2962460650,0.1067679853,0.9994091513,0.0036718650
7,22.2490844816,0.0290123665,-0.1056741468,0.2223174098,-0.2142318610,1005.4261309672,0.3016085163,0.1056296760,0.9995791708,0.0030654270
7,22.2995895321,0.0236988172,-0.1047872032,0.2112473332,-0.2240984203,1005.4261309672,0.3069202140,0.1047577786,0.9997191962,0.0024831003
7,22.3500945826,0.0184232923,-0.1041680686,0.1996859677,-0.2336821692,1005.4261309672,0.3121945627,0.1041503908,0.9998302960,0.0019190102
7,22.4005996331,0.0131723076,-0.1038152116,0.1876483017,-0.2429554263,1005.4261309672,0.3174448861,0.1038062053,0.9999132464,0.0013674464
7,22.4511046836,0.0079324393,-0.1037277728,0.1751506843,-0.2518920139,1005.4261309672,0.3226844567,0.1037245094,0.9999685384,0.0008228056
7,22.5016097341,0.0026902901,-0.1039055625,0.1622107466,-0.2604673445,1005.4261309672,0.3279265260,0.1039051865,0.9999963812,0.0002795358
7,22.5521147847,-0.0025675448,-0.1043490600,0.1488473199,-0.2686585081,1005.4261309672,0.3331843549,0.1043487160,0.9999967039,-0.0002679206
7,22.6026198352,-0.0078545112,-0.1050594144,0.1350803481,-0.2764443609,1005.4261309672,0.3384712433,0.1050561737,0.9999691535,-0.0008251819
7,22.6531248857,-0.0131841297,-0.1060384470,0.1209307963,-0.2838056150,1005.4261309672,0.3438005606,0.1060292312,0.9999130906,-0.0013979841
7,22.7036299362,-0.0185700303,-0.1072886549,0.1064205555,-0.2907249271,1005.4261309672,0.3491857759,0.1072701564,0.9998275819,-0.0019922391
7,22.7541349867,-0.0240259860,-0.1088132168,0.0915723411,-0.2971869885,1005.4261309672,0.3546404874,0.1087818122,0.9997113899,-0.0026140933
7,22.8046400372,-0.0295659478,-0.1106159992,0.0764095888,-0.3031786121,1005.4261309672,0.3601784533,0.1105676555,0.9995629592,-0.0032699904
7,22.8551450877,-0.0352040795,-0.1127015654,0.0609563448,-0.3086888196,1005.4261309672,0.3658136212,0.1126317355,0.9993804004,-0.0039667354
7,22.9056501382,-0.0409547932,-0.1150751848,0.0452371522,-0.3137089255,1005.4261309672,0.3715601582,0.1149786908,0.9991614697,-0.0047115630
7,22.9561551887,-0.0468327853,-0.1177428451,0.0292769330,-0.3182326194,1005.4261309672,0.3774324802,0.1176137454,0.9989035455,-0.0055122099
7,23.0066602392,-0.0528530728,-0.1207112642,0.0131008666,-0.3222560455,1005.4261309672,0.3834452820,0.1205427032,0.9986036015,-0.0063769913
7,23.0571652897,-0.0590310308,-0.1239879056,-0.0032657369,-0.3257778785,1005.4261309672,0.3896135658,0.1237719403,0.9982581746,-0.0073148838
7,23.1076703402,-0.0653824306,-0.1275809935,-0.0197975655,-0.3287993968,1005.4261309672,0.3959526699,0.1273083950,0.9978633302,-0.0083356136
7,23.1581753907,-0.0719234783,-0.1314995306,-0.0364694394,-0.3313245523,1005.4261309672,0.4024782974,0.1311595546,0.9974146214,-0.0094497515
7,23.2086804412,-0.0786708549,-0.1357533169,-0.0532564468,-0.3333600368,1005.4261309672,0.4092065425,0.1353334379,0.9969070440,-0.0106688165
7,23.2591854917,-0.0856417568,-0.1403529696,-0.0701340850,-0.3349153451,1005.4261309672,0.4161539180,0.1398385739,0.9963349857,-0.0120053867
7,23.3096905422,-0.0928539376,-0.1453099444,-0.0870784023,-0.3360028364,1005.4261309672,0.4233373791,0.1446839738,0.9956921696,-0.0134732203
7,23.3401924222,-0.0973341924,-0.1484818526,-0.0973341924,-0.3364393318,1005.4261309672,0.4277973883,0.1477790533,0.9952667661,-0.0144295519
8,23.3401924222,-0.0473341924,-0.1000000000,-0.1473341924,-0.3000000000,1003.4609835895,0.0473165188,0.0998879946,0.9988799463,-0.0047316519
8,23.3906974727,-0.0524588627,-0.1029801210,-0.1623684074,-0.2952756211,1003.4609835895,0.0524348054,0.1028384564,0.9986243494,-0.0053997426
8,23.4412025232,-0.0577406510,-0.1062231774,-0.1771522042,-0.2900874863,1003.4609835895,0.0577085720,0.1060461535,0.9983334717,-0.0061299879
8,23.4917075737,-0.0631930397,-0.1097373073,-0.1916627921,-0.2844609551,1003.4609835895,0.0631509893,0.1095182699,0.9980039842,-0.0069300195
8,23.5422126242,-0.0688299390,-0.1135313208,-0.2058787150,-0.2784235055,1003.4609835895,0.0687756042,0.1132624962,0.9976321548,-0.0078081852
8,23.5927176747,-0.0746657213,-0.1176147193,-0.2197799570,-0.2720046854,1003.4609835895,0.0745963641,0.1172870223,0.9972138098,-0.0087736304
8,23.6432227252,-0.0807152570,-0.1219977166,-0.2333480458,-0.2652360656,1003.4609835895,0.0806276428,0.1216005277,0.9967442918,-0.0098363883
8,23.6937277757,-0.0869939506,-0.1266912615,-0.2465661535,-0.2581511920,1003.4609835895,0.0868842645,0.1262121674,0.9962184121,-0.0110074771
8,23.7442328262,-0.0935177788,-0.1317070607,-0.2594191958,-0.2507855398,1003.4609835895,0.0933815273,0.1311315533,0.9956303985,-0.0122990065
8,23.7947378767,-0.1003033291,-0.1370576033,-0.2718939273,-0.2431764703,1003.4609835895,0.1001352257,0.1363687294,0.9949738371,-0.0137242940
8,23.8452429272,-0.1073678400,-0.1427561867,-0.2839790367,-0.2353631904,1003.4609835895,0.1071616720,0.1419341407,0.9942416085,-0.0152979917
8,23.8957479777,-0.1147292426,-0.1488169430,-0.2956652386,-0.2273867171,1003.4609835895,0.1144777152,0.1478385931,0.9934258164,-0.0170362236
8,23.9462530282,-0.1224062035,-0.1552548660,-0.3069453641,-0.2192898464,1003.4609835895,0.1221007581,0.1540932041,0.9925177101,-0.0189567368
8,23.9967580787,-0.1304181688,-0.1620858399,-0.3178144502,-0.2111171281,1003.4609835895,0.1300487715,0.1607093418,0.9915075981,-0.0210790644
8,24.0472631292,-0.1387854099,-0.1693266673,-0.3282698279,-0.2029148474,1003.4609835895,0.1383403055,0.1676985496,0.9903847535,-0.0234247029
8,24.0977681798,-0.1475290707,-0.1769950985,-0.3383112091,-0.1947310143,1003.4609835895,0.1469944954,0.1750724556,0.9891373101,-0.0260173052
8,24.1482732303,-0.1566712161,-0.1851098607,-0.3479407741,-0.1866153601,1003.4609835895,0.1560310637,0.1828426626,0.9877521486,-0.0288828885
8,24.1987782808,-0.1662348821,-0.1936906868,-0.3571632586,-0.1786193447,1003.4609835895,0.1654703158,0.1910206164,0.9862147710,-0.0320500591
8,24.2492833313,-0.1762441272,-0.2027583439,-0.3659860410,-0.1707961723,1003.4609835895,0.1753331276,0.1996174477,0.9845091642,-0.0355502546
8,24.2997883818,-0.1867240856,-0.2123346607,-0.3744192315,-0.1632008196,1003.4609835895,0.1856409255,0.2086437854,0.9826176503,-0.0394180029
8,24.3034881775,-0.1875110154,-0.2130567946,-0.3750220309,-0.1626549019,1003.4609835895,0.1864141191,0.2093221774,0.9824712597,-0.0397167947
8,24.3539932280,0.1777225151,-0.1894831200,0.3741067005,-0.0225605222,1003.7612764295,0.1960398163,0.1864985483,0.9842488780,0.0334984218
8,24.4044982785,0.1683632831,-0.1812202007,0.3727345250,-0.0318592133,1003.7612764295,0.2052592383,0.1786578105,0.9858603503,0.0303668878
8,24.4550033290,0.1594097587,-0.1734138388,0.3708807793,-0.0416223661,1003.7612764295,0.2140927616,0.1712151504,0.9873211476,0.0275269284
8,24.5055083795,0.1508393686,-0.1660449970,0.3685232640,-0.0518002438,1003.7612764295,0.2225602151,0.1641596052,0.9886452960,0.0249512534
8,24.5560134300,0.1426304755,-0.1590956313,0.3656422778,-0.0623436637,1003.7612764295,0.2306808705,0.1574800957,0.9898455060,0.0226150252
8,24.6065184805,0.1347623290,-0.1525486629,0.3622205889,-0.0732040193,1003.7612764295,0.2384734396,0.1511655486,0.9909332914,0.0204956449
8,24.6570235310,0.1272150175,-0.1463879493,0.3582434053,-0.0843333061,1003.7612764295,0.2459560773,0.1452049995,0.9919190767,0.0185725555
8,24.7075285815,0.1199694218,-0.1405982562,0.3536983436,-0.0956841500,1003.7612764295,0.2531463893,0.1395876776,0.9928122960,0.0168270593
8,24.7580336320,0.1130071694,-0.1351652300,0.3485753966,-0.1072098385,1003.7612764295,0.2600614439,0.1343030762,0.9936214823,0.0152421497
8,24.8085386825,0.1063105915,-0.1300753701,0.3428668986,-0.1188643554,1003.7612764295,0.2667177863,0.1293410100,0.9943543493,0.0138023563
8,24.8590437330,0.0998626798,-0.1253160037,0.3365674899,-0.1306024181,1003.7612764295,0.2731314567,0.1246916624,0.9950178650,0.0124936022
8,24.9095487835,0.0936470457,-0.1208752596,0.3296740784,-0.1423795191,1003.7612764295,0.2793180097,0.1203456228,0.9956183190,0.0113030732
8,24.9600538340,0.0876478807,-0.1167420450,0.3221857991,-0.1541519704,1003.7612764295,0.2852925351,0.1162939169,0.9961613828,0.0102190970
8,25.0105588846,0.0818499172,-0.1129060214,0.3141039720,-0.1658769531,1003.7612764295,0.2910696815,0.1125280306,0.9966521652,0.0092310334
8,25.0610639351,0.0762383910,-0.1093575835,0.3054320564,-0.1775125692,1003.7612764295,0.2966636791,0.1090399283,0.9970952612,0.0083291721
8,25.1115689856,0.0707990052,-0.1060878384,0.2961756034,-0.1890178995,1003.7612764295,0.3020883649,0.1058220669,0.9974947971,0.0075046403
8,25.1620740361,0.0655178944,-0.1030885857,0.2863422046,-0.2003530649,1003.7612764295,0.3073572074,0.1028674061,0.9978544704,0.0067493160
8,25.2125790866,0.0603815901,-0.1003522998,0.2759414382,-0.2114792916,1003.7612764295,0.3124833327,0.1001694163,0.9981775856,0.0060557500
8,25.2630841371,0.0553769874,-0.0978721125,0.2649848111,-0.2223589816,1003.7612764295,0.3174795498,0.0977220830,0.9984670864,0.0054170931
8,25.3135891876,0.0504913118,-0.0956417980,0.2534856981,-0.2329557858,1003.7612764295,0.3223583772,0.0955199107,0.9987255845,0.0048270283
8,25.3640942381,0.0457120877,-0.0936557581,0.2414592764,-0.2432346827,1003.7612764295,0.3271320689,0.0935579238,0.9989553844,0.0042797094
8,25.4145992886,0.0410271061,-0.0919090090,0.2289224570,-0.2531620583,1003.7612764295,0.3318126408,0.0918316681,0.9991585063,0.0037697029
8,25.4651043391,0.0364243950,-0.0903971702,0.2158938109,-0.2627057910,1003.7612764295,0.3364118970,0.0903372102,0.9993367051,0.0032919342
8,25.5156093896,0.0318921882,-0.0891164535,0.2023934922,-0.2718353376,1003.7612764295,0.3409414561,0.0890711366,0.9994914873,0.0028416369
8,25.5661144401,0.0274188964,-0.0880636541,0.1884431559,-0.2805218213,1003.7612764295,0.3454127773,0.0880305532,0.9996241256,0.0024143057
8,25.6166194906,0.0229930772,-0.0872361427,0.1740658713,-0.2887381214,1003.7612764295,0.3498371870,0.0872130837,0.9997356708,0.0020056506
8,25.6671245411,0.0186034070,-0.0866318592,0.1592860313,-0.2964589625,1003.7612764295,0.3542259042,0.0866168686,0.9998269616,0.0016115548
8,25.7176295916,0.0142386518,-0.0862493070,0.1441292567,-0.3036610039,1003.7612764295,0.3585900675,0.0862405641,0.9998986321,0.0012280324
8,25.7681346421,0.0098876391,-0.0860875495,0.1286222967,-0.3103229270,1003.7612764295,0.3629407603,0.0860833413,0.9999511177,0.0008511887
8,25.8186396926,0.0055392294,-0.0861462074,0.1127929240,-0.3164255210,1003.7612764295,0.3672890372,0.0861448858,0.9999846585,0.0004771812
8,25.8691447431,0.0011822886,-0.0864254574,0.0966698270,-0.3219517657,1003.7612764295,0.3716459499,0.0864253970,0.9999993011,0.0001021798
8,25.9196497936,-0.0031943405,-0.0869260324,0.0802824962,-0.3268869095,1003.7612764295,0.3760225733,0.0869255889,0.9999948981,-0.0002776709
8,25.9701548441,-0.0076018661,-0.0876492224,0.0636611087,-0.3312185435,1003.7612764295,0.3804300312,0.0876466898,0.9999711060,-0.0006662912
8,26.0206598947,-0.0120515759,-0.0885968779,0.0468364074,-0.3349366699,1003.7612764295,0.3848795224,0.0885904441,0.9999273806,-0.0010677062
8,26.0711649452,-0.0165548649,-0.0897714137,0.0298395783,-0.3380337638,1003.7612764295,0.3893823470,0.0897591124,0.9998629714,-0.0014860857
8,26.1216699957,-0.0211232649,-0.0911758141,0.0127021235,-0.3405048289,1003.7612764295,0.3939499323,0.0911554738,0.9997769121,-0.0019257877
8,26.1721750462,-0.0257684725,-0.0928136400,-0.0045442674,-0.3423474452,1003.7612764295,0.3985938591,0.0927828269,0.9996680113,-0.0023914011
8,26.2226800967,-0.0305023792,-0.0946890371,-0.0218678484,-0.3435618098,1003.7612764295,0.4033258878,0.0946449914,0.9995348385,-0.0028877931
8,26.2574368304,-0.0338179956,-0.0961200994,-0.0338179956,-0.3440339437,1003.7612764295,0.4066397882,0.0960651405,0.9994282261,-0.0032499695
9,26.2574368304,0.0161820044,-0.1000000000,-0.0838179956,-0.3000000000,1005.0232511572,-0.0161812981,0.0999869074,0.9998690742,0.0016181298
9,26.3079418809,0.0111383975,-0.0997694088,-0.0988504617,-0.2952033038,1005.0232511572,-0.0111381672,0.0997632199,0.9999379687,0.0011112484
9,26.3584469314,0.0060999888,-0.0997941084,-0.1136283057,-0.2899192727,1005.0232511572,-0.0060999510,0.0997922518,0.9999813951,0.0006087392
9,26.4089519819,0.0010538864,-0.1000741386,-0.1281272822,-0.2841628120,1005.0232511572,-0.0010538862,0.1000740831,0.9999994447,0.0001054668
9,26.4594570324,-0.0040128196,-0.1006101821,-0.1423239516,-0.2779509130,1005.0232511572,0.0040128089,0.1006093721,0.9999919487,-0.0004037294
9,26.5099620829,-0.0091130902,-0.1014035664,-0.1561957836,-0.2713025859,1005.0232511572,0.0091129641,0.1013993557,0.9999584761,-0.0009240871
9,26.5604671334,-0.0142599694,-0.1024562672,-0.1697212577,-0.2642387911,1005.0232511572,0.0142594861,0.1024458503,0.9998983284,-0.0014609737
9,26.6109721839,-0.0194666176,-0.1037709133,-0.1828799597,-0.2567823685,1005.0232511572,0.0194653881,0.1037512520,0.9998105314,-0.0020199411
9,26.6614772344,-0.0247463446,-0.1053507926,-0.1956526748,-0.2489579662,1005.0232511572,0.0247438190,0.1053185368,0.9996938248,-0.0026067809
9,26.7119822849,-0.0301126432,-0.1071998603,-0.2080214773,-0.2407919688,1005.0232511572,0.0301080925,0.1071512611,0.9995466486,-0.0032275833
9,26.7624873354,-0.0355792227,-0.1093227475,-0.2199698164,-0.2323124255,1005.0232511572,0.0355717167,0.1092535600,0.9993671262,-0.0038887978
9,26.8129923859,-0.0411600439,-0.1117247724,-0.2314825985,-0.2235489801,1005.0232511572,0.0411484230,0.1116301465,0.9991530450,-0.0045972982
9,26.8634974364,-0.0468693534,-0.1144119521,-0.2425462659,-0.2145328016,1005.0232511572,0.0468521954,0.1142863087,0.9989018329,-0.0053604511
9,26.9140024869,-0.0527217202,-0.1173910163,-0.2531488722,-0.2052965173,1005.0232511572,0.0526972995,0.1172279052,0.9986105320,-0.0061861895
9,26.9645075374,-0.0587320709,-0.1206694220,-0.2632801544,-0.1958741479,1005.0232511572,0.0586983111,0.1204613598,0.9982757677,-0.0070830913
9,27.0150125880,-0.0649157277,-0.1242553701,-0.2729316014,-0.1863010466,1005.0232511572,0.0648701443,0.1239936527,0.9978937140,-0.0080604638
9,27.0655176385,-0.0712884463,-0.1281578230,-0.2820965203,-0.1766138401,1005.0232511572,0.0712280798,0.1278323092,0.9974600547,-0.0091284356
9,27.1160226890,-0.0778664543,-0.1323865238,-0.2907700987,-0.1668503741,1005.0232511572,0.0777877917,0.1319853845,0.9969699391,-0.0102980553
9,27.1665277395,-0.0846664918,-0.1369520162,-0.2989494658,-0.1570496629,1005.0232511572,0.0845653740,0.1364614449,0.9964179332,-0.0115813985
9,27.2170327900,-0.0917058521,-0.1418656666,-0.3066337491,-0.1472518421,1005.0232511572,0.0915773656,0.1412695420,0.9957979645,-0.0129916840
9,27.2675378405,-0.0990024235,-0.1471396868,-0.3138241311,-0.1374981267,1005.0232511572,0.0988407744,0.1464191822,0.9951032616,-0.0145434006
9,27.3180428910,-0.1065747332,-0.1527871575,-0.3205239021,-0.1278307728,1005.0232511572,0.1063730987,0.1519202870,0.9943262864,-0.0162524434
9,27.3685479415,-0.1144419915,-0.1588220539,-0.3267385121,-0.1182930443,1005.0232511572,0.1141923478,0.1577831447,0.9934586593,-0.0181362632
9,27.4190529920,-0.1226241375,-0.1652592705,-0.3324756210,-0.1089291846,1005.0232511572,0.1223170585,0.1640183513,0.9924910766,-0.0202140279
9,27.4695580425,-0.1311418863,-0.1721146485,-0.3377451475,-0.0997843922,1005.0232511572,0.1307663088,0.1706367379,0.9914132198,-0.0225067973
9,27.5200630930,-0.1400167778,-0.1794050024,-0.3425593167,-0.0909048022,1005.0232511572,0.1395597282,0.1776492831,0.9902136549,-0.0250377134
9,27.5705681435,-0.1492712259,-0.1871481471,-0.3469327072,-0.0823374726,1005.0232511572,0.1487175021,0.1850670077,0.9888797220,-0.0278322050
9,27.6210731940,-0.1589285704,-0.1953629259,-0.3508822972,-0.0741303764,1005.0232511572,0.1582603708,0.1929008480,0.9873974149,-0.0309182091
9,27.6715782445,-0.1690131291,-0.2040692368,-0.3544275110,-0.0663323996,1005.0232511572,0.1682096219,0.2011615049,0.9857512481,-0.0343264092
9,27.7179628174,-0.1786729949,-0.2125162149,-0.3573459897,-0.0595737030,1005.0232511572,0.1777238505,0.2091330417,0.9840803996,-0.0377692000
9,27.7684678679,0.1688307131,-0.1907692052,0.3564995979,-0.0210314108,1005.4594729675,0.1874178987,0.1880568326,0.9857819158,0.0320549118
9,27.8189729184,0.1593952886,-0.1829520850,0.3552129545,-0.0300013042,1005.4594729675,0.1967265112,0.1806328827,0.9873234444,0.0290383726
9,27.8694779689,0.1503429347,-0.1755965297,0.3534613188,-0.0394371702,1005.4594729675,0.2056704935,0.1736157608,0.9887197723,0.0263003579
9,27.9199830194,0.1416507977,-0.1686845906,0.3512223552,-0.0492916307,1005.4594729675,0.2142701311,0.1669950946,0.9899842896,0.0238144806
9,27.9704880699,0.1332969045,-0.1621993361,0.3484761084,-0.0595178225,1005.4594729675,0.2225451841,0.1607604844,0.9911291142,0.0215567000
9,28.0209931204,0.1252601120,-0.1561248252,0.3452049760,-0.0700694224,1005.4594729675,0.2305148894,0.1549016191,0.9921652043,0.0195051134
9,28.0714981709,0.1175200579,-0.1504460803,0.3413936813,-0.0809006760,1005.4594729675,0.2381979673,0.1494083727,0.9931024620,0.0176397629
9,28.1220032214,0.1100571124,-0.1451490615,0.3370292431,-0.0919664281,1005.4594729675,0.2456126332,0.1442708845,0.9939498266,0.0159424570
9,28.1725082719,0.1028523317,-0.1402206410,0.3321009452,-0.1032221575,1005.4594729675,0.2527766125,0.1394796254,0.9947153601,0.0143966059
9,28.2230133224,0.0958874125,-0.1356485789,0.3266003029,-0.1146240132,1005.4594729675,0.2597071589,0.1350254532,0.9954063234,0.0129870685
9,28.2735183729,0.0891446477,-0.1314214990,0.3205210287,-0.1261288549,1005.4594729675,0.2664210751,0.1308996567,0.9960292465,0.0117000126
9,28.3240234234,0.0826068836,-0.1275288673,0.3138589948,-0.1376942962,1005.4594729675,0.2729347356,0.1270939927,0.9965899912,0.0105227850
9,28.3745284739,0.0762574775,-0.1239609698,0.3066121943,-0.1492787515,1005.4594729675,0.2792641109,0.1236007153,0.9970938073,0.0094437917
9,28.4250335245,0.0700802571,-0.1207088933,0.2987806992,-0.1608414870,1005.4594729675,0.2854247934,0.1204125993,0.9975453836,0.0084523877
9,28.4755385750,0.0640594805,-0.1177645065,0.2903666162,-0.1723426749,1005.4594729675,0.2914320242,0.1175229589,0.9979488930,0.0075387746
9,28.5260436255,0.0581797969,-0.1151204429,0.2813740392,-0.1837434523,1005.4594729675,0.2973007207,0.1149256629,0.9983080330,0.0066939061
9,28.5765486760,0.0524262088,-0.1127700845,0.2718089995,-0.1950059844,1005.4594729675,0.3030455047,0.1126151453,0.9986260611,0.0059094001
9,28.6270537265,0.0467840342,-0.1107075479,0.2616794116,-0.2060935309,1005.4594729675,0.3086807314,0.1105864147,0.9989058267,0.0051774565
9,28.6775587770,0.0412388700,-0.1089276711,0.2509950165,-0.2169705183,1005.4594729675,0.3142205189,0.1088350606,0.9991497983,0.0044907809
9,28.7280638275,0.0357765559,-0.1074260017,0.2397673211,-0.2276026144,1005.4594729675,0.3196787768,0.1073572584,0.9993600873,0.0038425125
9,28.7785688780,0.0303831386,-0.1061987873,0.2280095327,-0.2379568081,1005.4594729675,0.3250692369,0.1061497732,0.9995384679,0.0032261561
9,28.8290739285,0.0250448371,-0.1052429667,0.2157364913,-0.2480014923,1005.4594729675,0.3304054821,0.1052099619,0.9996863945,0.0026355174
9,28.8795789790,0.0197480074,-0.1045561625,0.2029645955,-0.2577065502,1005.4594729675,0.3357009772,0.1045357756,0.9998050144,0.0020646417
9,28.9300840295,0.0144791087,-0.1041366760,0.1897117256,-0.2670434442,1005.4594729675,0.3409690983,0.1041257603,0.9998951795,0.0015077536
9,28.9805890800,0.0092246686,-0.1039834825,0.1759971615,-0.2759853080,1005.4594729675,0.3462231633,0.1039790583,0.9999574530,0.0009591996
9,29.0310941305,0.0039712498,-0.1040962293,0.1618414957,-0.2845070393,1005.4594729675,0.3514764617,0.1040954084,0.9999921146,0.0004133910
9,29.0815991810,-0.0012945841,-0.1044752338,0.1472665421,-0.2925853953,1005.4594729675,0.3567422848,0.1044751463,0.9999991620,-0.0001352519
9,29.1321042315,-0.0065863028,-0.1051214847,0.1322952392,-0.3001990874,1005.4594729675,0.3620339563,0.1051192047,0.9999783104,-0.0006923569
9,29.1826092820,-0.0119174426,-0.1060366432,0.1169515496,-0.3073288763,1005.4594729675,0.3673648616,0.1060291134,0.9999289881,-0.0012636557
9,29.2331143325,-0.0173016409,-0.1072230468,0.1012603539,-0.3139576671,1005.4594729675,0.3727484788,0.1072069988,0.9998503303,-0.0018550421
9,29.2836193830,-0.0227526702,-0.1086837141,0.0852473397,-0.3200706014,1005.4594729675,0.3781984083,0.1086555834,0.9997411692,-0.0024726314
9,29.3341244335,-0.0282844730,-0.1104223512,0.0689388869,-0.3256551487,1005.4594729675,0.3837284030,0.1103781846,0.9996000210,-0.0031228216
9,29.3846294841,-0.0339111964,-0.1124433597,0.0523619474,-0.3307011939,1005.4594729675,0.3893523984,0.1123787127,0.9994250705,-0.0038123581
9,29.4351345346,-0.0396472275,-0.1147518465,0.0355439212,-0.3352011224,1005.4594729675,0.3950845424,0.1146616690,0.9992141516,-0.0045484007
9,29.4856395851,-0.0455072293,-0.1173536345,0.0185125282,-0.3391499006,1005.4594729675,0.4009392252,0.1172321411,0.9989647247,-0.0053385957
9,29.5361446356,-0.0515061776,-0.1202552750,0.0012956757,-0.3425451524,1005.4594729675,0.4069311083,0.1200957985,0.9986738501,-0.0061911513
9,29.5866496861,-0.0576593972,-0.1234640626,-0.0160786779,-0.3453872309,1005.4594729675,0.4130751545,0.1232588848,0.9983381574,-0.0071149195
9,29.6371547366,-0.0639826009,-0.1269880498,-0.0335826622,-0.3476792857,1005.4594729675,0.4193866559,0.1267282083,0.9979538116,-0.0081194832
9,29.6876597871,-0.0704919275,-0.1308360647,-0.0511886376,-0.3494273251,1005.4594729675,0.4258812627,0.1305111297,0.9975164727,-0.0092152500
9,29.7381648376,-0.0772039816,-0.1350177291,-0.0688693416,-0.3506402733,1005.4594729675,0.4325750104,0.1346155454,0.9970212526,-0.0104135542
9,29.7770706361,-0.0825235003,-0.1384730594,-0.0825235003,-0.3512171642,1005.4594729675,0.4378775673,0.1380018173,0.9965968679,-0.0114143158
10,29.7770706361,-0.0325235003,-0.1000000000,-0.1325235003,-0.3000000000,1004.1861236230,0.0325177668,0.0999471158,0.9994711576,-0.0032517767
10,29.8275756866,-0.0376292832,-0.1022320586,-0.1475571746,-0.2952533269,1004.1861236230,0.0376204036,0.1021596887,0.9992921021,-0.0038460113
10,29.8780807371,-0.0428543687,-0.1047253712,-0.1623391503,-0.2900363747,1004.1861236230,0.0428412529,0.1046292220,0.9990818921,-0.0044865661
10,29.9285857876,-0.0482121067,-0.1074861961,-0.1768462450,-0.2843720260,1004.1861236230,0.0481934315,0.1073612995,0.9988380215,-0.0051801286
10,29.9790908381,-0.0537161800,-0.1105214588,-0.1910564848,-0.2782852610,1004.1861236230,0.0536903514,0.1103620463,0.9985576329,-0.0059339360
10,30.0295958886,-0.0593806383,-0.1138387679,-0.2049492097,-0.2718031046,1004.1861236230,0.0593457478,0.1136381257,0.9982374879,-0.0067558468
10,30.0801009391,-0.0652199332,-0.1174464317,-0.2185051749,-0.2649545734,1004.1861236230,0.0651737060,0.1171967329,0.9978739339,-0.0076544192
10,30.1306059896,-0.0712489539,-0.1213534776,-0.2317066501,-0.2577706217,1004.1861236230,0.0711886877,0.1210455877,0.9974628668,-0.0086389948
10,30.1811110401,-0.0774830643,-0.1255696708,-0.2445375164,-0.2502840889,1004.1861236230,0.0774055577,0.1251929227,0.9969996889,-0.0097197904
10,30.2316160906,-0.0839381403,-0.1301055362,-0.2569833600,-0.2425296481,1004.1861236230,0.0838396091,0.1296474687,0.9964792622,-0.0109079973
10,30.2821211411,-0.0906306092,-0.1349723801,-0.2690315632,-0.2345437574,1004.1861236230,0.0905065883,0.1344184341,0.9958958567,-0.0122158896
10,30.3326261916,-0.0975774895,-0.1401823140,-0.2806713942,-0.2263646142,1004.1861236230,0.0974227180,0.1395154797,0.9952430929,-0.0136569420
10,30.3831312421,-0.1047964322,-0.1457482788,-0.2918940931,-0.2180321132,1004.1861236230,0.1046047200,0.1449486858,0.9945138775,-0.0152459579
10,30.4336362927,-0.1123057634,-0.1516840705,-0.3026929569,-0.2095878098,1004.1861236230,0.1120698346,0.1507285114,0.9937003332,-0.0169992087
10,30.4841413432,-0.1201245281,-0.1580043668,-0.3130634228,-0.2010748879,1004.1861236230,0.1198358390,0.1568657432,0.9927937206,-0.0189345859
10,30.5346463937,-0.1282725355,-0.1647247539,-0.3230031495,-0.1925381343,1004.1861236230,0.1279210621,0.1633714334,0.9917843525,-0.0210717655
10,30.5851514442,-0.1367704053,-0.1718617543,-0.3325120978,-0.1840239197,1004.1861236230,0.1363443961,0.1702568232,0.9906614990,-0.0234323871
10,30.6356564947,-0.1456396162,-0.1794328554,-0.3415926099,-0.1755801872,1004.1861236230,0.1451253041,0.1775332507,0.9894132838,-0.0260402477
10,30.6861615452,-0.1549025548,-0.1874565374,-0.3502494894,-0.1672564481,1004.1861236230,0.1542838216,0.1852120396,0.9880265697,-0.0289215110
10,30.7366665957,-0.1645825669,-0.1959523017,-0.3584900799,-0.1591037875,1004.1861236230,0.1638405530,0.1933043656,0.9864868338,-0.0321049335
10,30.7871716462,-0.1747040095,-0.2049406984,-0.3663243450,-0.1511748784,1004.1861236230,0.1738166602,0.2018210972,0.9847780301,-0.0356221077
10,30.8376766967,-0.1852923045,-0.2144433534,-0.3737649495,-0.1435240071,1004.1861236230,0.1842338423,0.2107726065,0.9828824402,-0.0395077230
10,30.8487072858,-0.1876695535,-0.2165894255,-0.3753391071,-0.1418954785,1004.1861236230,0.1865698759,0.2127864820,0.9824416936,-0.0404090622
10,30.8992123363,0.1777164631,-0.1927407851,0.3744115332,-0.0227968502,1004.3850227726,0.1963572866,0.1897051077,0.9842499479,0.0340731911
10,30.9497173868,0.1681926262,-0.1844822603,0.3730275726,-0.0320911182,1004.3850227726,0.2057389982,0.1818790188,0.9858889327,0.0308824694
10,31.0002224373,0.1590740673,-0.1766885236,0.3711620320,-0.0418590673,1004.3850227726,0.2147357194,0.1744577211,0.9873743781,0.0279881746
10,31.0507274878,0.1503377960,-0.1693405909,0.3687922489,-0.0520508570,1004.3850227726,0.2233676250,0.1674305208,0.9887205419,0.0253625005
10,31.1012325383,0.1419617551,-0.1624204896,0.3658980642,-0.0626172091,1004.3850227726,0.2316543457,0.1607865950,0.9899403416,0.0229801289
10,31.1517375888,0.1339247699,-0.1559112308,0.3624617927,-0.0735094297,1004.3850227726,0.2396149653,0.1545151196,0.9910454739,0.0208180138
10,31.2022426393,0.1262064998,-0.1497967811,0.3584681931,-0.0846794345,1004.3850227726,0.2472680232,0.1486053762,0.9920465251,0.0188551798
10,31.2527476898,0.1187873901,-0.1440620351,0.3539044371,-0.0960797768,1004.3850227726,0.2546315218,0.1430468400,0.9929530701,0.0170725368
10,31.3032527403,0.1116486264,-0.1386927883,0.3487600753,-0.1076636784,1004.3850227726,0.2617229387,0.1378292542,0.9937737639,0.0154527085
10,31.3537577908,0.1047720893,-0.1336757106,0.3430270039,-0.1193850640,1004.3850227726,0.2685592412,0.1329426896,0.9945164236,0.0139798741
10,31.4042628413,0.0981403112,-0.1289983210,0.3366994271,-0.1311985990,1004.3850227726,0.2751569049,0.1283775944,0.9951881037,0.0126396227
10,31.4547678918,0.0917364339,-0.1246489630,0.3297738193,-0.1430597303,1004.3850227726,0.2815319329,0.1241248344,0.9957951634,0.0114188196
10,31.5052729423,0.0855441676,-0.1206167809,0.3222488846,-0.1549247313,1004.3850227726,0.2876998786,0.1201757249,0.9963433284,0.0103054825
10,31.5557779928,0.0795477511,-0.1168916977,0.3141255133,-0.1667507513,1004.3850227726,0.2936758685,0.1165220564,0.9968377457,0.0092886682
10,31.6062830433,0.0737319127,-0.1134643939,0.3054067369,-0.1784958682,1004.3850227726,0.2994746269,0.1131561150,0.9972830337,0.0083583688
10,31.6567880939,0.0680818329,-0.1103262878,0.2960976794,-0.1901191464,1004.3850227726,0.3051105015,0.1100706979,0.9976833271,0.0075054147
10,31.7072931444,0.0625831073,-0.1074695165,0.2862055060,-0.2015806989,1004.3850227726,0.3105974891,0.1072591252,0.9980423164,0.0067213867
10,31.7577981949,0.0572217109,-0.1048869189,0.2757393687,-0.2128417536,1004.3850227726,0.3159492629,0.1047152488,0.9983632846,0.0059985342
10,31.8083032454,0.0519839627,-0.1025720198,0.2647103479,-0.2238647245,1004.3850227726,0.3211791989,0.1024334592,0.9986491381,0.0053296989
10,31.8588082959,0.0468564922,-0.1005190153,0.2531313907,-0.2346132865,1004.3850227726,0.3263004036,0.1004086892,0.9989024354,0.0047082452
10,31.9093133464,0.0418262048,-0.0987227593,0.2410172455,-0.2450524547,1004.3850227726,0.3313257413,0.0986364175,0.9991254118,0.0041279945
10,31.9598183969,0.0368802500,-0.0971787517,0.2283843920,-0.2551486673,1004.3850227726,0.3362678617,0.0971126702,0.9993200007,0.0035831643
10,32.0103234474,0.0320059881,-0.0958831283,0.2152509670,-0.2648698718,1004.3850227726,0.3411392278,0.0958340219,0.9994878521,0.0030683103
10,32.0608284979,0.0271909589,-0.0948326509,0.2016366864,-0.2741856132,1004.3850227726,0.3459521434,0.0947975958,0.9996303487,0.0025782730
10,32.1113335484,0.0224228499,-0.0940247001,0.1875627618,-0.2830671255,1004.3850227726,0.3507187809,0.0940010641,0.9997486184,0.0021081251
10,32.1618385989,0.0176894656,-0.0934572689,0.1730518131,-0.2914874235,1004.3850227726,0.3554512088,0.0934426471,0.9998435455,0.0016531229
10,32.2123436494,0.0129786965,-0.0931289572,0.1581277761,-0.2994213961,1004.3850227726,0.3601614197,0.0931211137,0.9999157779,0.0012086585
10,32.2628486999,0.0082784884,-0.0930389686,0.1428158057,-0.3068458987,1004.3850227726,0.3648613580,0.0930357804,0.9999657335,0.0007702132
10,32.3133537504,0.0035768123,-0.0931871080,0.1271421740,-0.3137398459,1004.3850227726,0.3695629471,0.0931865119,0.9999936032,0.0003333121
10,32.3638588009,-0.0011383662,-0.0935737808,0.1111341642,-0.3200843005,1004.3850227726,0.3742781178,0.0935737202,0.9999993521,-0.0001065212
10,32.4143638514,-0.0058791171,-0.0941999936,0.0948199597,-0.3258625621,1004.3850227726,0.3790188350,0.0941983656,0.9999827180,-0.0005538096
10,32.4648689019,-0.0106575765,-0.0950673557,0.0782285292,-0.3310602500,1004.3850227726,0.3837971265,0.0950619567,0.9999432086,-0.0010131684
10,32.5153739524,-0.0154859770,-0.0961780830,0.0613895074,-0.3356653836,1004.3850227726,0.3886251099,0.0961665507,0.9998800947,-0.0014893521
10,32.5658790029,-0.0203766786,-0.0975350026,0.0443330720,-0.3396684566,1004.3850227726,0.3935150204,0.0975147546,0.9997924027,-0.0019873019
10,32.6163840534,-0.0253421997,-0.0991415591,0.0270898167,-0.3430625062,1004.3850227726,0.3984792391,0.0991097251,0.9996789036,-0.0025121963
10,32.6668891040,-0.0303952483,-0.1010018222,0.0096906214,-0.3458431755,1004.3850227726,0.4035303202,0.1009551695,0.9995381000,-0.0030695028
10,32.7173941545,-0.0355487540,-0.1031204959,-0.0078334811,-0.3480087691,1004.3850227726,0.4086810190,0.1030553454,0.9993682096,-0.0036650331
10,32.7678992050,-0.0408159001,-0.1055029292,-0.0254514403,-0.3495603024,1004.3850227726,0.4139443201,0.1054150608,0.9991671468,-0.0043050015
10,32.8184042555,-0.0462101567,-0.1081551279,-0.0431323267,-0.3505015428,1004.3850227726,0.4193334642,0.1080396724,0.9989325007,-0.0049960869
10,32.8311190762,-0.0475898311,-0.1088661086,-0.0475898311,-0.3506430545,1004.3850227726,0.4207116214,0.1087428523,0.9988678177,-0.0051789643
